# SQL Manager 2007 for MySQL 4.4.0.5
# ---------------------------------------
# Host     : localhost
# Port     : 3306
# Database : govnokod


/*!40101 SET @OLD_CHARACTER_SET_CLIENT=@@CHARACTER_SET_CLIENT */;
/*!40101 SET @OLD_CHARACTER_SET_RESULTS=@@CHARACTER_SET_RESULTS */;
/*!40101 SET @OLD_COLLATION_CONNECTION=@@COLLATION_CONNECTION */;
/*!40101 SET NAMES cp1251 */;

SET FOREIGN_KEY_CHECKS=0;

DROP DATABASE IF EXISTS `govnokod`;

CREATE DATABASE `govnokod`
    CHARACTER SET 'utf8'
    COLLATE 'utf8_general_ci';

USE `govnokod`;

SET sql_mode = '';

#
# Structure for the `comments_comments` table : 
#

DROP TABLE IF EXISTS `comments_comments`;

CREATE TABLE `comments_comments` (
  `id` INTEGER(11) UNSIGNED NOT NULL AUTO_INCREMENT,
  `obj_id` INTEGER(11) UNSIGNED DEFAULT NULL,
  `text` TEXT COLLATE utf8_general_ci,
  `author` VARCHAR(50) COLLATE utf8_general_ci DEFAULT NULL,
  `author_ip` VARCHAR(20) COLLATE utf8_general_ci NOT NULL DEFAULT '',
  `time` INTEGER(11) UNSIGNED DEFAULT NULL,
  `folder_id` INTEGER(11) UNSIGNED DEFAULT NULL,
  PRIMARY KEY (`id`)
)ENGINE=MyISAM
AUTO_INCREMENT=1285 CHARACTER SET 'utf8' COLLATE 'utf8_general_ci';

#
# Structure for the `comments_commentsFolder` table : 
#

DROP TABLE IF EXISTS `comments_commentsFolder`;

CREATE TABLE `comments_commentsFolder` (
  `id` INTEGER(11) UNSIGNED NOT NULL AUTO_INCREMENT,
  `obj_id` INTEGER(11) UNSIGNED DEFAULT NULL,
  `parent_id` INTEGER(11) UNSIGNED DEFAULT NULL,
  PRIMARY KEY (`id`),
  KEY `parent_id` (`parent_id`)
)ENGINE=MyISAM
AUTO_INCREMENT=470 ROW_FORMAT=FIXED CHARACTER SET 'utf8' COLLATE 'utf8_general_ci';

#
# Data for the `comments_commentsFolder` table  (LIMIT 0,500)
#

INSERT INTO `comments_commentsFolder` (`id`, `obj_id`, `parent_id`) VALUES 
  (1,761,760),
  (2,775,774),
  (3,776,762),
  (4,785,750),
  (5,787,768),
  (6,788,765),
  (7,789,752),
  (8,790,735),
  (9,791,772),
  (10,793,52),
  (11,794,742),
  (12,796,732),
  (13,797,40),
  (14,799,773),
  (15,802,744),
  (16,804,751),
  (17,805,736),
  (18,806,54),
  (19,807,746),
  (20,808,771),
  (21,809,743),
  (22,810,748),
  (23,811,745),
  (24,812,766),
  (25,813,747),
  (26,815,44),
  (27,816,770),
  (28,817,53),
  (29,821,42),
  (30,822,55),
  (31,823,41),
  (32,827,49),
  (33,830,43),
  (34,832,46),
  (35,833,47),
  (36,834,48),
  (37,835,50),
  (38,840,733),
  (39,846,56),
  (40,853,734),
  (41,870,869),
  (42,878,877),
  (43,883,882),
  (44,885,884),
  (45,888,887),
  (46,890,889),
  (47,894,893),
  (48,897,896),
  (49,901,900),
  (50,903,902),
  (51,917,916),
  (52,921,920),
  (53,940,939),
  (54,944,943),
  (55,957,956),
  (56,960,959),
  (57,966,965),
  (58,979,978),
  (59,981,980),
  (60,984,983),
  (61,986,985),
  (62,990,989),
  (63,994,993),
  (64,999,998),
  (65,1002,1001),
  (66,1004,1003),
  (67,1006,1005),
  (68,1008,1007),
  (69,1012,1011),
  (70,1017,1016),
  (71,1024,1023),
  (72,1033,1032),
  (73,1035,1034),
  (74,1042,1041),
  (75,1047,1046),
  (76,1050,1049),
  (77,1058,1057),
  (78,1060,1059),
  (79,1065,1064),
  (80,1067,1066),
  (81,1070,1069),
  (82,1072,1071),
  (83,1074,1073),
  (84,1076,1075),
  (85,1080,1079),
  (86,1085,1084),
  (87,1087,1086),
  (88,1089,1088),
  (89,1092,1091),
  (90,1094,1093),
  (91,1102,1101),
  (92,1111,1110),
  (93,1114,1113),
  (94,1122,1121),
  (95,1126,1125),
  (96,1128,1127),
  (97,1130,1129),
  (98,1132,1131),
  (99,1142,1141),
  (100,1146,1145),
  (101,1155,1154),
  (102,1158,1157),
  (103,1161,1160),
  (104,1164,1163),
  (105,1166,1165),
  (106,1170,1169),
  (107,1177,1176),
  (108,1179,1178),
  (109,1186,1185),
  (110,1189,1188),
  (111,1195,1194),
  (112,1197,1196),
  (113,1205,1203),
  (114,1206,1204),
  (115,1210,1209),
  (116,1215,1214),
  (117,1218,1217),
  (118,1221,1220),
  (119,1224,1223),
  (120,1228,1227),
  (121,1230,1229),
  (122,1232,1231),
  (123,1237,1236),
  (124,1242,1241),
  (125,1245,1244),
  (126,1249,1248),
  (127,1252,1251),
  (128,1254,1253),
  (129,1256,1255),
  (130,1258,1257),
  (131,1262,1261),
  (132,1269,1268),
  (133,1280,1279),
  (134,1302,1301),
  (135,1312,1311),
  (136,1318,1317),
  (137,1324,1323),
  (138,1326,1325),
  (139,1335,1334),
  (140,1348,1347),
  (141,1351,1350),
  (142,1356,1355),
  (143,1362,1361),
  (144,1366,1365),
  (145,1368,1367),
  (146,1370,1369),
  (147,1373,1371),
  (148,1375,1374),
  (149,1377,1376),
  (150,1380,1379),
  (151,1382,1381),
  (152,1392,1391),
  (153,1395,1394),
  (154,1404,1403),
  (155,1407,1406),
  (156,1410,1409),
  (157,1413,1412),
  (158,1421,1420),
  (159,1428,1427),
  (160,1435,1434),
  (161,1444,1443),
  (162,1446,1445),
  (163,1448,1447),
  (164,1452,1451),
  (165,1460,1459),
  (166,1471,1470),
  (167,1473,1472),
  (168,1481,1480),
  (169,1483,1482),
  (170,1486,1485),
  (171,1490,1489),
  (172,1492,1491),
  (173,1494,1493),
  (174,1497,1496),
  (175,1500,1499),
  (176,1502,1501),
  (177,1505,1504),
  (178,1508,1507),
  (179,1518,1517),
  (180,1523,1522),
  (181,1525,1524),
  (182,1528,1527),
  (183,1532,1531),
  (184,1534,1533),
  (185,1537,1536),
  (186,1539,1538),
  (187,1542,1541),
  (188,1549,1548),
  (189,1555,1554),
  (190,1558,1557),
  (191,1566,1565),
  (192,1569,1568),
  (193,1572,1571),
  (194,1575,1574),
  (195,1579,1578),
  (196,1582,1581),
  (197,1584,1583),
  (198,1588,1587),
  (199,1590,1589),
  (200,1598,1597),
  (201,1603,1602),
  (202,1607,1606),
  (203,1622,1621),
  (204,1630,1628),
  (205,1629,1628),
  (206,1633,1632),
  (207,1645,1643),
  (208,1653,1652),
  (209,1665,1664),
  (210,1667,1666),
  (211,1671,1670),
  (212,1678,1677),
  (213,1681,1680),
  (214,1689,1688),
  (215,1700,1699),
  (216,1712,1711),
  (217,1714,1713),
  (218,1718,1717),
  (219,1722,1721),
  (220,1730,1729),
  (221,1733,1732),
  (222,1735,1734),
  (223,1738,1737),
  (224,1740,1739),
  (225,1742,1741),
  (226,1744,1743),
  (227,1746,1745),
  (228,1750,1749),
  (229,1752,1751),
  (230,1759,1758),
  (231,1773,1772),
  (232,1776,1775),
  (233,1778,1777),
  (234,1780,1779),
  (235,1782,1781),
  (236,1784,1783),
  (237,1786,1785),
  (238,1792,1791),
  (239,1795,1794),
  (240,1798,1797),
  (241,1801,1800),
  (242,1810,1809),
  (243,1818,1817),
  (244,1833,1832),
  (245,1839,1838),
  (246,1845,1844),
  (247,1847,1846),
  (248,1849,1848),
  (249,1851,1850),
  (250,1853,1852),
  (251,1858,1857),
  (252,1861,1860),
  (253,1869,1868),
  (254,1872,1871),
  (255,1875,1874),
  (256,1877,1876),
  (257,1880,1879),
  (258,1882,1881),
  (259,1884,1883),
  (260,1888,1887),
  (261,1890,1889),
  (262,1892,1891),
  (263,1897,1896),
  (264,1899,1898),
  (265,1914,1913),
  (266,1916,1915),
  (267,1919,1918),
  (268,1921,1920),
  (269,1923,1922),
  (270,1931,1930),
  (271,1933,1932),
  (272,1937,1936),
  (273,1942,1941),
  (274,1952,1951),
  (275,1956,1955),
  (276,1960,1959),
  (277,1966,1965),
  (278,1969,1968),
  (279,1977,1976),
  (280,1984,1983),
  (281,1987,1986),
  (282,1991,1990),
  (283,1993,1992),
  (284,1995,1994),
  (285,1997,1996),
  (286,2003,2002),
  (287,2018,2017),
  (288,2025,2024),
  (289,2034,2033),
  (290,2036,2035),
  (291,2038,2037),
  (292,2040,2039),
  (293,2047,2046),
  (294,2050,2049),
  (295,2054,2053),
  (296,2056,2055),
  (297,2061,2060),
  (298,2086,2085),
  (299,2089,2088),
  (300,2091,2090),
  (301,2118,2117),
  (302,2120,2119),
  (303,2122,2121),
  (304,2134,2133),
  (305,2138,2137),
  (306,2141,2140),
  (307,2144,2143),
  (308,2146,2145),
  (309,2148,2147),
  (310,2151,2150),
  (311,2156,2155),
  (312,2160,2159),
  (313,2172,2171),
  (314,2174,2173),
  (315,2180,2179),
  (316,2182,2181),
  (317,2189,2188),
  (318,2192,2191),
  (319,2202,2201),
  (320,2206,2205),
  (321,2219,2218),
  (322,2221,2220),
  (323,2223,2222),
  (324,2228,2227),
  (325,2235,2234),
  (326,2237,2236),
  (327,2240,2239),
  (328,2243,2242),
  (329,2245,2244),
  (330,2250,2249),
  (331,2253,2252),
  (332,2261,2260),
  (333,2263,2262),
  (334,2277,2276),
  (335,2280,2279),
  (336,2282,2281),
  (337,2288,2287),
  (338,2294,2293),
  (339,2297,2296),
  (340,2299,2298),
  (341,2304,2303),
  (342,2306,2305),
  (343,2322,2321),
  (344,2324,2323),
  (345,2331,2330),
  (346,2340,2339),
  (347,2356,2355),
  (348,2358,2357),
  (349,2360,2359),
  (350,2362,2361),
  (351,2364,2363),
  (352,2366,2365),
  (353,2372,2371),
  (354,2374,2373),
  (355,2377,2376),
  (356,2379,2378),
  (357,2385,2384),
  (358,2390,2389),
  (359,2392,2391),
  (360,2394,2393),
  (361,2397,2396),
  (362,2399,2398),
  (363,2407,2406),
  (364,2409,2408),
  (365,2412,2411),
  (366,2414,2413),
  (367,2420,2419),
  (368,2422,2421),
  (369,2426,2425),
  (370,2428,2427),
  (371,2431,2430),
  (372,2433,2432),
  (373,2436,2435),
  (374,2454,2453),
  (375,2456,2455),
  (376,2460,2459),
  (377,2468,2467),
  (378,2470,2469),
  (379,2473,2472),
  (380,2475,2474),
  (381,2484,2483),
  (382,2486,2485),
  (383,2490,2489),
  (384,2494,2493),
  (385,2497,2496),
  (386,2499,2498),
  (387,2505,2504),
  (388,2510,2509),
  (389,2519,2518),
  (390,2527,2526),
  (391,2530,2529),
  (392,2537,2536),
  (393,2546,2545),
  (394,2553,2552),
  (395,2555,2554),
  (396,2561,2560),
  (397,2567,2566),
  (398,2569,2568),
  (399,2572,2571),
  (400,2575,2574),
  (401,2581,2580),
  (402,2587,2586),
  (403,2630,2629),
  (404,2638,2637),
  (405,2640,2639),
  (406,2654,2653),
  (407,2662,2661),
  (408,2668,2667),
  (409,2673,2672),
  (410,2676,2675),
  (411,2681,2680),
  (412,2683,2682),
  (413,2685,2684),
  (414,2687,2686),
  (415,2689,2688),
  (416,2691,2690),
  (417,2694,2693),
  (418,2697,2696),
  (419,2701,2700),
  (420,2708,2707),
  (421,2716,2715),
  (422,2727,2726),
  (423,2735,2734),
  (424,2738,2737),
  (425,2740,2739),
  (426,2752,2751),
  (427,2754,2753),
  (428,2756,2755),
  (429,2758,2757),
  (430,2760,2759),
  (431,2775,2774),
  (432,2785,2784),
  (433,2787,2786),
  (434,2797,2796),
  (435,2803,2802),
  (436,2807,2806),
  (437,2815,2814),
  (438,2818,2817),
  (439,2820,2819),
  (440,2827,2826),
  (441,2829,2828),
  (442,2833,2832),
  (443,2841,2840),
  (444,2845,2843),
  (445,2849,2848),
  (446,2851,2850),
  (447,2853,2852),
  (448,2856,2855),
  (449,2860,2859),
  (450,2863,2862),
  (451,2865,2864),
  (452,2873,2872),
  (453,2877,2876),
  (454,2880,2879),
  (455,2890,2889),
  (456,2892,2891),
  (457,2896,2895),
  (458,2898,2897),
  (459,2901,2900),
  (460,2906,2905),
  (461,2908,2907),
  (462,2911,2910),
  (463,2913,2912),
  (464,2931,2930),
  (465,2947,2946),
  (466,2952,2951),
  (467,2962,2961),
  (468,2964,2963),
  (469,2966,2965);
COMMIT;

#
# Structure for the `copypasta` table : 
#

DROP TABLE IF EXISTS `copypasta`;

CREATE TABLE `copypasta` (
  `id` INTEGER(11) NOT NULL AUTO_INCREMENT,
  `copypasta_language_id` INTEGER(11) DEFAULT NULL,
  `copypasta` TEXT COLLATE cp1251_general_ci,
  `username` VARCHAR(50) COLLATE cp1251_general_ci DEFAULT NULL,
  `delete_at` DATETIME DEFAULT NULL,
  `created_at` DATETIME DEFAULT NULL,
  PRIMARY KEY (`id`),
  KEY `copypasta_FI_1` (`copypasta_language_id`)
)ENGINE=MyISAM
AUTO_INCREMENT=35 CHARACTER SET 'cp1251' COLLATE 'cp1251_general_ci';

#
# Structure for the `copypasta_language` table : 
#

DROP TABLE IF EXISTS `copypasta_language`;

CREATE TABLE `copypasta_language` (
  `id` INTEGER(11) NOT NULL AUTO_INCREMENT,
  `title` VARCHAR(50) COLLATE cp1251_general_ci DEFAULT NULL,
  `geshi_code` VARCHAR(50) COLLATE cp1251_general_ci DEFAULT NULL,
  `position` INTEGER(11) DEFAULT NULL,
  PRIMARY KEY (`id`)
)ENGINE=MyISAM
AUTO_INCREMENT=13 CHARACTER SET 'cp1251' COLLATE 'cp1251_general_ci';

#
# Data for the `copypasta_language` table  (LIMIT 0,500)
#

INSERT INTO `copypasta_language` (`id`, `title`, `geshi_code`, `position`) VALUES 
  (3,'PHP','php',1),
  (4,'Javascript','javascript',2),
  (5,'MySQL','mysql',3),
  (6,'Perl','perl',4),
  (7,'Python','python',5),
  (8,'C++','cpp',6),
  (9,'Bash','bash',7),
  (10,'Visual basic','vb',8),
  (11,'XML','xml',9),
  (12,'INI','ini',10);
COMMIT;

#
# Structure for the `fileManager_file` table : 
#

DROP TABLE IF EXISTS `fileManager_file`;

CREATE TABLE `fileManager_file` (
  `id` INTEGER(11) UNSIGNED NOT NULL AUTO_INCREMENT,
  `realname` VARCHAR(255) COLLATE utf8_general_ci DEFAULT '',
  `name` VARCHAR(255) COLLATE utf8_general_ci DEFAULT '',
  `ext` VARCHAR(20) COLLATE utf8_general_ci DEFAULT NULL,
  `size` INTEGER(11) DEFAULT NULL,
  `modified` INTEGER(11) DEFAULT NULL,
  `downloads` INTEGER(11) DEFAULT NULL,
  `right_header` TINYINT(4) DEFAULT NULL,
  `direct_link` INTEGER(11) DEFAULT '0',
  `about` TEXT COLLATE utf8_general_ci,
  `folder_id` INTEGER(11) UNSIGNED DEFAULT NULL,
  `obj_id` INTEGER(11) UNSIGNED DEFAULT NULL,
  `storage_id` INTEGER(11) DEFAULT NULL,
  PRIMARY KEY (`id`),
  UNIQUE KEY `realname` (`realname`),
  KEY `folder_id` (`folder_id`, `name`, `ext`)
)ENGINE=MyISAM
AUTO_INCREMENT=1 CHARACTER SET 'utf8' COLLATE 'utf8_general_ci';

#
# Structure for the `fileManager_folder` table : 
#

DROP TABLE IF EXISTS `fileManager_folder`;

CREATE TABLE `fileManager_folder` (
  `id` INTEGER(11) UNSIGNED NOT NULL AUTO_INCREMENT,
  `name` CHAR(255) COLLATE utf8_general_ci DEFAULT NULL,
  `title` CHAR(255) COLLATE utf8_general_ci DEFAULT NULL,
  `parent` INTEGER(11) UNSIGNED DEFAULT NULL,
  `path` CHAR(255) COLLATE utf8_general_ci DEFAULT NULL,
  `obj_id` INTEGER(11) UNSIGNED DEFAULT NULL,
  `filesize` INTEGER(11) UNSIGNED DEFAULT NULL,
  `exts` CHAR(255) COLLATE utf8_general_ci DEFAULT NULL,
  PRIMARY KEY (`id`)
)ENGINE=MyISAM
AUTO_INCREMENT=2 ROW_FORMAT=FIXED CHARACTER SET 'utf8' COLLATE 'utf8_general_ci';

#
# Data for the `fileManager_folder` table  (LIMIT 0,500)
#

INSERT INTO `fileManager_folder` (`id`, `name`, `title`, `parent`, `path`, `obj_id`, `filesize`, `exts`) VALUES 
  (1,'root','/',1,'root',24,NULL,NULL);
COMMIT;

#
# Structure for the `fileManager_folder_tree` table : 
#

DROP TABLE IF EXISTS `fileManager_folder_tree`;

CREATE TABLE `fileManager_folder_tree` (
  `id` INTEGER(10) NOT NULL AUTO_INCREMENT,
  `lkey` INTEGER(10) NOT NULL DEFAULT '0',
  `rkey` INTEGER(10) NOT NULL DEFAULT '0',
  `level` INTEGER(10) NOT NULL DEFAULT '0',
  PRIMARY KEY (`id`),
  KEY `left_key` (`lkey`, `rkey`, `level`),
  KEY `level` (`level`, `lkey`),
  KEY `rkey` (`rkey`)
)ENGINE=MyISAM
AUTO_INCREMENT=2 ROW_FORMAT=FIXED CHARACTER SET 'utf8' COLLATE 'utf8_general_ci';

#
# Data for the `fileManager_folder_tree` table  (LIMIT 0,500)
#

INSERT INTO `fileManager_folder_tree` (`id`, `lkey`, `rkey`, `level`) VALUES 
  (1,1,2,1);
COMMIT;

#
# Structure for the `fileManager_storage` table : 
#

DROP TABLE IF EXISTS `fileManager_storage`;

CREATE TABLE `fileManager_storage` (
  `id` INTEGER(11) UNSIGNED NOT NULL AUTO_INCREMENT,
  `name` CHAR(255) COLLATE utf8_general_ci DEFAULT NULL,
  `path` CHAR(255) COLLATE utf8_general_ci DEFAULT NULL,
  `web_path` CHAR(255) COLLATE utf8_general_ci DEFAULT NULL,
  PRIMARY KEY (`id`)
)ENGINE=MyISAM
AUTO_INCREMENT=3 ROW_FORMAT=FIXED CHARACTER SET 'utf8' COLLATE 'utf8_general_ci';

#
# Data for the `fileManager_storage` table  (LIMIT 0,500)
#

INSERT INTO `fileManager_storage` (`id`, `name`, `path`, `web_path`) VALUES 
  (1,'local','../files/','/'),
  (2,'avatars','files/avatars/','/files/avatars/');
COMMIT;

#
# Structure for the `page_page` table : 
#

DROP TABLE IF EXISTS `page_page`;

CREATE TABLE `page_page` (
  `id` INTEGER(11) NOT NULL AUTO_INCREMENT,
  `obj_id` INTEGER(10) UNSIGNED NOT NULL DEFAULT '0',
  `name` VARCHAR(255) COLLATE utf8_general_ci NOT NULL DEFAULT '',
  `title` VARCHAR(255) COLLATE utf8_general_ci NOT NULL DEFAULT '',
  `content` TEXT COLLATE utf8_general_ci NOT NULL,
  `keywords` VARCHAR(255) COLLATE utf8_general_ci NOT NULL DEFAULT '',
  `description` VARCHAR(255) COLLATE utf8_general_ci NOT NULL DEFAULT '',
  `folder_id` INTEGER(11) UNSIGNED DEFAULT NULL,
  `allow_comment` TINYINT(4) DEFAULT '1',
  `compiled` INTEGER(11) DEFAULT NULL,
  `keywords_reset` TINYINT(1) DEFAULT '0',
  `description_reset` TINYINT(1) DEFAULT '0',
  PRIMARY KEY (`id`),
  KEY `folder_id` (`folder_id`)
)ENGINE=MyISAM
AUTO_INCREMENT=8 CHARACTER SET 'utf8' COLLATE 'utf8_general_ci';

#
# Data for the `page_page` table  (LIMIT 0,500)
#

INSERT INTO `page_page` (`id`, `obj_id`, `name`, `title`, `content`, `keywords`, `description`, `folder_id`, `allow_comment`, `compiled`, `keywords_reset`, `description_reset`) VALUES 
  (1,11,'main','','','','',1,1,0,0,0),
  (5,31,'php','PHP: Hypertext Preprocessor','<p>PHP — язык программирования, созданный для генерирования HTML-страниц на веб-сервере и работы с базами данных. В настоящее время поддерживается подавляющим большинством хостинг-провайдеров. Входит в LAMP — «стандартный» набор для создания веб-сайтов (Linux, Apache, MySQL, PHP (Python или Perl)).</p>\n\n<p>Его широкая распространненость, а также возможность просто писать код, не заморачиваяся над качеством, делает его, пожалуй, наиболее подходящей платформой для говнокода. Термин «говнокодер» часто считается синонимом «пхп—программист» у более «продвинутых» коллег. Несмотря на всё это, существуют люди, способные писать на этом языке не только работающий, но еще и весьма красивый код.</p>\n\n<p>\n    <a href=\"http://php.net/\" title=\"Официальный сайт\">http://php.net/</a><br />\n    <a href=\"http://ru.wikipedia.org/wiki/Php\" title=\"wikipedia\">http://ru.wikipedia.org/wiki/Php</a>\n</p>','','',2,0,0,0,0),
  (6,51,'javascript','JavaScript','JavaScript — скриптовый язык, чаще всего использующийся при создании сценариев поведения браузера, встраиваемых в веб-страницы. Является одной из реализаций языка ECMAScript.','','',2,0,0,0,0),
  (7,1250,'cpp','C++','<p>Си++ (англ. C++) — компилируемый строго типизированный язык программирования общего назначения. Поддерживает разные парадигмы программирования: процедурную, обобщённую, функциональную; наибольшее внимание уделено поддержке объектно-ориентированного программирования.</p>\n\n<p>Название «Си++» происходит от Си, в котором унарный оператор ++ обозначает инкремент переменной.</p>\n\n<p>В 1990-х годах язык стал одним из наиболее широко применяемых языков программирования общего назначения.</p>\n\n<p>При создании Си++ стремились сохранить совместимость с языком Си. Большинство программ на Си будут исправно работать и с компилятором Си++. Си++ имеет синтаксис, основанный на синтаксисе Си.</p>\n\n<p><a href=\"http://ru.wikipedia.org/wiki/C%2B%2B\">http://ru.wikipedia.org/wiki/С++</a></p>','','',2,0,0,0,0);
COMMIT;

#
# Structure for the `page_pageFolder` table : 
#

DROP TABLE IF EXISTS `page_pageFolder`;

CREATE TABLE `page_pageFolder` (
  `id` INTEGER(11) NOT NULL AUTO_INCREMENT,
  `obj_id` INTEGER(11) UNSIGNED NOT NULL DEFAULT '0',
  `name` CHAR(255) COLLATE utf8_general_ci DEFAULT NULL,
  `title` CHAR(255) COLLATE utf8_general_ci DEFAULT NULL,
  `parent` INTEGER(11) DEFAULT '0',
  `path` CHAR(255) COLLATE utf8_general_ci DEFAULT NULL,
  PRIMARY KEY (`id`),
  KEY `name` (`name`)
)ENGINE=MyISAM
AUTO_INCREMENT=3 ROW_FORMAT=FIXED CHARACTER SET 'utf8' COLLATE 'utf8_general_ci';

#
# Data for the `page_pageFolder` table  (LIMIT 0,500)
#

INSERT INTO `page_pageFolder` (`id`, `obj_id`, `name`, `title`, `parent`, `path`) VALUES 
  (1,10,'root','root',1,'root'),
  (2,30,'languages','Описание языков программирования',2,'root/languages');
COMMIT;

#
# Structure for the `page_pageFolder_tree` table : 
#

DROP TABLE IF EXISTS `page_pageFolder_tree`;

CREATE TABLE `page_pageFolder_tree` (
  `id` INTEGER(10) NOT NULL AUTO_INCREMENT,
  `lkey` INTEGER(10) NOT NULL DEFAULT '0',
  `rkey` INTEGER(10) NOT NULL DEFAULT '0',
  `level` INTEGER(10) NOT NULL DEFAULT '0',
  PRIMARY KEY (`id`),
  KEY `left_key` (`lkey`, `rkey`, `level`),
  KEY `level` (`level`, `lkey`),
  KEY `rkey` (`rkey`)
)ENGINE=MyISAM
AUTO_INCREMENT=3 ROW_FORMAT=FIXED CHARACTER SET 'utf8' COLLATE 'utf8_general_ci';

#
# Data for the `page_pageFolder_tree` table  (LIMIT 0,500)
#

INSERT INTO `page_pageFolder_tree` (`id`, `lkey`, `rkey`, `level`) VALUES 
  (1,1,4,1),
  (2,2,3,2);
COMMIT;

#
# Structure for the `page_page_lang` table : 
#

DROP TABLE IF EXISTS `page_page_lang`;

CREATE TABLE `page_page_lang` (
  `id` INTEGER(11) NOT NULL DEFAULT '0',
  `lang_id` INTEGER(11) NOT NULL DEFAULT '0',
  `title` VARCHAR(255) COLLATE utf8_general_ci NOT NULL DEFAULT '',
  `content` TEXT COLLATE utf8_general_ci NOT NULL,
  `keywords` VARCHAR(255) COLLATE utf8_general_ci DEFAULT NULL,
  `description` VARCHAR(255) COLLATE utf8_general_ci DEFAULT NULL,
  PRIMARY KEY (`id`, `lang_id`)
)ENGINE=MyISAM
CHARACTER SET 'utf8' COLLATE 'utf8_general_ci';

#
# Data for the `page_page_lang` table  (LIMIT 0,500)
#

INSERT INTO `page_page_lang` (`id`, `lang_id`, `title`, `content`, `keywords`, `description`) VALUES 
  (1,1,'Первая страница','Это <b>первая</b>, главная <strike>страница</strike>\n',NULL,NULL),
  (1,2,'About us','<strong>mzz</strong> - is a php5 framework for web-applications.',NULL,NULL),
  (2,1,'404 Not Found','Запрашиваемая страница не найдена!',NULL,NULL),
  (2,2,'404 Not Found','Page doesn''t exist',NULL,NULL),
  (4,1,'Доступ запрещён','Доступ запрещён',NULL,NULL),
  (4,2,'Access not allowed.','Access not allowed. Try to login or register.',NULL,NULL);
COMMIT;

#
# Structure for the `quoter_quote` table : 
#

DROP TABLE IF EXISTS `quoter_quote`;

CREATE TABLE `quoter_quote` (
  `id` INTEGER(11) NOT NULL AUTO_INCREMENT,
  `obj_id` INTEGER(11) NOT NULL,
  `category_id` INTEGER(11) NOT NULL,
  `created` INTEGER(11) DEFAULT NULL,
  `deleted` INTEGER(11) NOT NULL DEFAULT '0',
  `text` TEXT COLLATE utf8_general_ci NOT NULL,
  `highlited_lines` VARCHAR(255) COLLATE utf8_general_ci NOT NULL DEFAULT '',
  `description` TEXT COLLATE utf8_general_ci NOT NULL,
  `rating` INTEGER(11) NOT NULL,
  `active` INTEGER(11) NOT NULL,
  `comments_count` INTEGER(10) UNSIGNED NOT NULL DEFAULT '0',
  PRIMARY KEY (`id`),
  KEY `category_id` (`category_id`),
  KEY `created` (`created`),
  KEY `rating` (`rating`)
)ENGINE=MyISAM
AUTO_INCREMENT=479 CHARACTER SET 'utf8' COLLATE 'utf8_general_ci';

#
# Structure for the `quoter_quoteCategory` table : 
#

DROP TABLE IF EXISTS `quoter_quoteCategory`;

CREATE TABLE `quoter_quoteCategory` (
  `id` INTEGER(11) NOT NULL AUTO_INCREMENT,
  `obj_id` INTEGER(11) NOT NULL,
  `name` CHAR(255) COLLATE utf8_general_ci NOT NULL DEFAULT '',
  `title` CHAR(255) COLLATE utf8_general_ci NOT NULL DEFAULT '',
  `quote_counts` INTEGER(10) UNSIGNED NOT NULL,
  PRIMARY KEY (`id`)
)ENGINE=MyISAM
AUTO_INCREMENT=14 ROW_FORMAT=FIXED CHARACTER SET 'utf8' COLLATE 'utf8_general_ci';

#
# Data for the `quoter_quoteCategory` table  (LIMIT 0,500)
#

INSERT INTO `quoter_quoteCategory` (`id`, `obj_id`, `name`, `title`, `quote_counts`) VALUES 
  (1,22,'php','PHP',141),
  (2,23,'javascript','JavaScript',22),
  (3,34,'sql','SQL',9),
  (4,35,'perl','PERL',7),
  (5,36,'python','Python',11),
  (6,738,'c','Си',15),
  (7,739,'cpp','C++',27),
  (8,740,'csharp','C#',29),
  (9,741,'java','Java',28),
  (10,749,'delphi','Delphi',14),
  (11,767,'actionscript3','ActionScript',6),
  (12,1029,'asm','Assembler',2),
  (13,1052,'vb','VisualBasic',6);
COMMIT;

#
# Structure for the `quoter_votes` table : 
#

DROP TABLE IF EXISTS `quoter_votes`;

CREATE TABLE `quoter_votes` (
  `id` INTEGER(11) NOT NULL AUTO_INCREMENT,
  `ip` VARCHAR(20) COLLATE utf8_general_ci NOT NULL DEFAULT '',
  `quote_id` INTEGER(11) NOT NULL,
  `created` INTEGER(11) NOT NULL,
  PRIMARY KEY (`id`)
)ENGINE=MyISAM
AUTO_INCREMENT=17905 CHARACTER SET 'utf8' COLLATE 'utf8_general_ci';

#
# Structure for the `sys_access` table : 
#

DROP TABLE IF EXISTS `sys_access`;

CREATE TABLE `sys_access` (
  `id` INTEGER(11) NOT NULL AUTO_INCREMENT,
  `action_id` INTEGER(11) UNSIGNED DEFAULT NULL,
  `class_section_id` INTEGER(11) DEFAULT NULL,
  `obj_id` INTEGER(11) DEFAULT NULL,
  `uid` INTEGER(11) DEFAULT NULL,
  `gid` INTEGER(11) DEFAULT NULL,
  `allow` TINYINT(1) UNSIGNED DEFAULT '0',
  `deny` TINYINT(1) UNSIGNED DEFAULT '0',
  PRIMARY KEY (`id`),
  KEY `class_action_id` (`class_section_id`, `obj_id`, `uid`, `gid`),
  KEY `obj_id_gid` (`obj_id`, `gid`),
  KEY `obj_id_uid` (`obj_id`, `uid`)
)ENGINE=MyISAM
AUTO_INCREMENT=1 ROW_FORMAT=FIXED CHARACTER SET 'utf8' COLLATE 'utf8_general_ci';

#
# Structure for the `sys_access_registry` table : 
#

DROP TABLE IF EXISTS `sys_access_registry`;

CREATE TABLE `sys_access_registry` (
  `obj_id` INTEGER(11) UNSIGNED NOT NULL AUTO_INCREMENT,
  `class_section_id` INTEGER(11) UNSIGNED DEFAULT NULL,
  PRIMARY KEY (`obj_id`)
)ENGINE=MyISAM
AUTO_INCREMENT=2970 ROW_FORMAT=FIXED CHARACTER SET 'utf8' COLLATE 'utf8_general_ci';

#
# Data for the `sys_access_registry` table  (LIMIT 0,500)
#

INSERT INTO `sys_access_registry` (`obj_id`, `class_section_id`) VALUES 
  (1,9),
  (2,7),
  (3,7),
  (4,7),
  (5,7),
  (6,7),
  (7,7),
  (8,7),
  (9,7),
  (10,13),
  (11,6),
  (13,6),
  (14,4),
  (15,4),
  (16,4),
  (17,3),
  (18,3),
  (19,8),
  (20,8),
  (21,8),
  (22,55),
  (23,55),
  (24,15),
  (27,49),
  (28,51),
  (30,13),
  (31,6),
  (34,55),
  (35,55),
  (36,55),
  (38,54),
  (40,54),
  (41,54),
  (42,54),
  (43,54),
  (44,54),
  (46,54),
  (47,54),
  (48,54),
  (49,54),
  (50,54),
  (51,6),
  (52,54),
  (53,54),
  (54,54),
  (55,54),
  (56,54),
  (732,54),
  (733,54),
  (734,54),
  (735,54),
  (736,54),
  (737,56),
  (738,55),
  (739,55),
  (740,55),
  (741,55),
  (742,54),
  (743,54),
  (744,54),
  (745,54),
  (746,54),
  (747,54),
  (748,54),
  (749,55),
  (750,54),
  (751,54),
  (752,54),
  (760,54),
  (761,11),
  (762,54),
  (765,54),
  (766,54),
  (767,55),
  (768,54),
  (770,54),
  (771,54),
  (772,54),
  (773,54),
  (774,54),
  (775,11),
  (776,11),
  (777,10),
  (778,10),
  (779,3),
  (780,8),
  (782,3),
  (783,8),
  (785,11),
  (786,10),
  (787,11),
  (788,11),
  (789,11),
  (790,11),
  (791,11),
  (792,10),
  (793,11),
  (794,11),
  (795,10),
  (796,11),
  (797,11),
  (798,10),
  (799,11),
  (800,10),
  (801,10),
  (802,11),
  (803,10),
  (804,11),
  (805,11),
  (806,11),
  (807,11),
  (808,11),
  (809,11),
  (810,11),
  (811,11),
  (812,11),
  (813,11),
  (814,10),
  (815,11),
  (816,11),
  (817,11),
  (818,10),
  (819,10),
  (820,10),
  (821,11),
  (822,11),
  (823,11),
  (824,4),
  (825,8),
  (826,8),
  (827,11),
  (828,10),
  (829,10),
  (830,11),
  (831,10),
  (832,11),
  (833,11),
  (834,11),
  (835,11),
  (836,10),
  (837,10),
  (838,10),
  (839,10),
  (840,11),
  (841,10),
  (842,10),
  (843,10),
  (844,10),
  (845,10),
  (846,11),
  (847,10),
  (848,10),
  (849,10),
  (850,10),
  (851,10),
  (852,10),
  (853,11),
  (854,10),
  (855,10),
  (856,10),
  (857,10),
  (858,10),
  (859,10),
  (860,10),
  (861,10),
  (862,10),
  (863,10),
  (864,10),
  (865,10),
  (866,10),
  (867,10),
  (868,10),
  (870,11),
  (871,10),
  (872,10),
  (873,10),
  (874,10),
  (875,10),
  (876,10),
  (878,11),
  (879,10),
  (880,10),
  (881,10),
  (882,54),
  (883,11),
  (884,54),
  (885,11),
  (886,10),
  (887,54),
  (888,11),
  (889,54),
  (890,11),
  (891,10),
  (892,10),
  (893,54),
  (894,11),
  (895,10),
  (896,54),
  (897,11),
  (898,10),
  (899,10),
  (901,11),
  (902,54),
  (903,11),
  (905,10),
  (906,10),
  (907,10),
  (908,10),
  (909,10),
  (910,10),
  (911,10),
  (912,10),
  (913,10),
  (915,10),
  (916,54),
  (917,11),
  (918,10),
  (919,10),
  (920,54),
  (921,11),
  (922,10),
  (923,10),
  (924,10),
  (925,10),
  (926,10),
  (927,10),
  (928,10),
  (929,10),
  (930,10),
  (931,10),
  (932,10),
  (933,10),
  (934,10),
  (935,10),
  (936,10),
  (937,10),
  (939,54),
  (940,11),
  (941,10),
  (942,10),
  (944,11),
  (945,10),
  (946,10),
  (947,10),
  (948,10),
  (949,10),
  (950,10),
  (951,10),
  (952,10),
  (953,10),
  (954,10),
  (955,10),
  (956,54),
  (957,11),
  (958,10),
  (959,54),
  (960,11),
  (961,10),
  (962,10),
  (963,10),
  (964,10),
  (965,54),
  (966,11),
  (967,10),
  (968,10),
  (969,10),
  (970,10),
  (971,10),
  (972,10),
  (973,10),
  (974,3),
  (975,8),
  (976,8),
  (977,10),
  (978,54),
  (979,11),
  (980,54),
  (981,11),
  (982,10),
  (983,54),
  (984,11),
  (985,54),
  (986,11),
  (987,10),
  (988,10),
  (989,54),
  (990,11),
  (991,10),
  (992,10),
  (993,54),
  (994,11),
  (995,10),
  (996,10),
  (997,10),
  (998,54),
  (999,11),
  (1000,10),
  (1001,54),
  (1002,11),
  (1003,54),
  (1004,11),
  (1005,54),
  (1006,11),
  (1007,54),
  (1008,11),
  (1009,10),
  (1010,10),
  (1011,54),
  (1012,11),
  (1013,10),
  (1015,10),
  (1016,54),
  (1017,11),
  (1018,10),
  (1019,10),
  (1020,10),
  (1021,10),
  (1022,10),
  (1023,54),
  (1024,11),
  (1025,10),
  (1026,10),
  (1027,10),
  (1028,10),
  (1029,55),
  (1030,10),
  (1031,10),
  (1033,11),
  (1034,54),
  (1035,11),
  (1036,10),
  (1037,10),
  (1038,10),
  (1039,10),
  (1040,10),
  (1041,54),
  (1042,11),
  (1043,10),
  (1044,10),
  (1045,10),
  (1046,54),
  (1047,11),
  (1048,10),
  (1049,54),
  (1050,11),
  (1051,10),
  (1052,55),
  (1053,10),
  (1054,10),
  (1055,10),
  (1056,10),
  (1057,54),
  (1058,11),
  (1059,54),
  (1060,11),
  (1061,10),
  (1062,10),
  (1063,10),
  (1064,54),
  (1065,11),
  (1066,54),
  (1067,11),
  (1068,10),
  (1069,54),
  (1070,11),
  (1071,54),
  (1072,11),
  (1073,54),
  (1074,11),
  (1075,54),
  (1076,11),
  (1077,10),
  (1078,10),
  (1079,54),
  (1080,11),
  (1081,10),
  (1082,10),
  (1083,10),
  (1084,54),
  (1085,11),
  (1086,54),
  (1087,11),
  (1088,54),
  (1089,11),
  (1090,10),
  (1091,54),
  (1092,11),
  (1093,54),
  (1094,11),
  (1095,10),
  (1096,10),
  (1097,10),
  (1098,10),
  (1099,10),
  (1100,10),
  (1101,54),
  (1102,11),
  (1103,10),
  (1104,10),
  (1105,10),
  (1106,10),
  (1107,10),
  (1108,10),
  (1109,10),
  (1110,54),
  (1111,11),
  (1112,10),
  (1113,54),
  (1114,11),
  (1115,10),
  (1116,10),
  (1117,10),
  (1118,10),
  (1119,10),
  (1120,10),
  (1121,54),
  (1122,11),
  (1123,10),
  (1124,10),
  (1125,54),
  (1126,11),
  (1127,54),
  (1128,11),
  (1129,54),
  (1130,11),
  (1131,54),
  (1132,11),
  (1133,10),
  (1134,10),
  (1135,10),
  (1136,10),
  (1137,10),
  (1138,10),
  (1139,10),
  (1140,10),
  (1141,54),
  (1142,11),
  (1143,10),
  (1144,10),
  (1145,54),
  (1146,11),
  (1147,10),
  (1148,10),
  (1149,10),
  (1150,10),
  (1151,10),
  (1152,10),
  (1153,10),
  (1154,54),
  (1155,11),
  (1156,10),
  (1158,11),
  (1159,10),
  (1160,54),
  (1161,11),
  (1162,10),
  (1163,54),
  (1164,11),
  (1165,54),
  (1166,11),
  (1167,10),
  (1168,10),
  (1170,11),
  (1171,10),
  (1172,10),
  (1173,10),
  (1174,10),
  (1175,10),
  (1176,54),
  (1177,11),
  (1178,54),
  (1179,11),
  (1180,10),
  (1181,10),
  (1182,10),
  (1184,10),
  (1185,54),
  (1186,11),
  (1187,10),
  (1188,54),
  (1189,11),
  (1190,10),
  (1191,10),
  (1192,10),
  (1193,10),
  (1194,54),
  (1195,11),
  (1196,54),
  (1197,11),
  (1198,10),
  (1199,10),
  (1200,10),
  (1201,10),
  (1202,10),
  (1204,54),
  (1205,11),
  (1206,11),
  (1207,10),
  (1208,10),
  (1209,54);
COMMIT;

#
# Data for the `sys_access_registry` table  (LIMIT 500,500)
#

INSERT INTO `sys_access_registry` (`obj_id`, `class_section_id`) VALUES 
  (1210,11),
  (1211,10),
  (1212,10),
  (1213,10),
  (1214,54),
  (1215,11),
  (1216,10),
  (1217,54),
  (1218,11),
  (1219,10),
  (1220,54),
  (1221,11),
  (1222,10),
  (1223,54),
  (1224,11),
  (1227,54),
  (1228,11),
  (1229,54),
  (1230,11),
  (1232,11),
  (1233,10),
  (1234,10),
  (1235,10),
  (1236,54),
  (1237,11),
  (1238,10),
  (1239,10),
  (1240,10),
  (1241,54),
  (1242,11),
  (1243,10),
  (1244,54),
  (1245,11),
  (1246,10),
  (1247,10),
  (1248,54),
  (1249,11),
  (1250,6),
  (1251,54),
  (1252,11),
  (1253,54),
  (1254,11),
  (1255,54),
  (1256,11),
  (1257,54),
  (1258,11),
  (1259,10),
  (1260,10),
  (1261,54),
  (1262,11),
  (1263,10),
  (1264,10),
  (1265,10),
  (1266,10),
  (1267,10),
  (1268,54),
  (1269,11),
  (1270,10),
  (1271,10),
  (1272,10),
  (1273,10),
  (1274,10),
  (1275,10),
  (1276,10),
  (1277,10),
  (1278,10),
  (1279,54),
  (1280,11),
  (1281,10),
  (1282,10),
  (1283,10),
  (1284,10),
  (1285,10),
  (1286,10),
  (1287,10),
  (1288,10),
  (1289,10),
  (1290,10),
  (1291,10),
  (1292,10),
  (1293,10),
  (1294,10),
  (1295,10),
  (1296,10),
  (1297,10),
  (1298,10),
  (1299,10),
  (1300,10),
  (1301,54),
  (1302,11),
  (1303,10),
  (1304,10),
  (1305,10),
  (1306,10),
  (1307,10),
  (1308,10),
  (1309,10),
  (1310,10),
  (1311,54),
  (1312,11),
  (1313,10),
  (1314,10),
  (1315,10),
  (1316,10),
  (1317,54),
  (1318,11),
  (1319,10),
  (1320,10),
  (1321,10),
  (1322,10),
  (1323,54),
  (1324,11),
  (1326,11),
  (1328,10),
  (1329,10),
  (1330,10),
  (1331,10),
  (1332,10),
  (1333,10),
  (1335,11),
  (1336,10),
  (1337,10),
  (1338,10),
  (1339,10),
  (1340,10),
  (1341,10),
  (1342,10),
  (1343,10),
  (1344,10),
  (1345,10),
  (1346,10),
  (1348,11),
  (1349,10),
  (1351,11),
  (1352,10),
  (1353,10),
  (1354,10),
  (1355,54),
  (1356,11),
  (1357,10),
  (1358,10),
  (1359,10),
  (1360,10),
  (1361,54),
  (1362,11),
  (1363,10),
  (1364,10),
  (1365,54),
  (1366,11),
  (1367,54),
  (1368,11),
  (1369,54),
  (1370,11),
  (1371,54),
  (1372,10),
  (1373,11),
  (1375,11),
  (1376,54),
  (1377,11),
  (1378,10),
  (1379,54),
  (1380,11),
  (1381,54),
  (1382,11),
  (1383,10),
  (1384,10),
  (1385,10),
  (1386,10),
  (1387,10),
  (1388,10),
  (1389,10),
  (1390,10),
  (1391,54),
  (1392,11),
  (1393,10),
  (1394,54),
  (1395,11),
  (1396,10),
  (1397,10),
  (1398,10),
  (1399,10),
  (1400,10),
  (1401,10),
  (1402,10),
  (1403,54),
  (1404,11),
  (1405,10),
  (1406,54),
  (1407,11),
  (1408,10),
  (1410,11),
  (1411,10),
  (1413,11),
  (1414,10),
  (1415,10),
  (1416,10),
  (1417,10),
  (1418,10),
  (1419,10),
  (1420,54),
  (1421,11),
  (1422,10),
  (1423,10),
  (1424,10),
  (1425,10),
  (1426,10),
  (1427,54),
  (1428,11),
  (1429,10),
  (1430,10),
  (1431,10),
  (1432,10),
  (1433,10),
  (1435,11),
  (1436,10),
  (1437,10),
  (1438,10),
  (1439,10),
  (1440,10),
  (1442,10),
  (1443,54),
  (1444,11),
  (1445,54),
  (1446,11),
  (1447,54),
  (1448,11),
  (1449,10),
  (1450,10),
  (1452,11),
  (1453,10),
  (1454,10),
  (1455,10),
  (1456,10),
  (1457,10),
  (1458,10),
  (1459,54),
  (1460,11),
  (1461,10),
  (1462,10),
  (1464,10),
  (1465,10),
  (1466,10),
  (1467,10),
  (1468,10),
  (1469,10),
  (1470,54),
  (1471,11),
  (1472,54),
  (1473,11),
  (1474,10),
  (1475,10),
  (1476,10),
  (1477,10),
  (1478,10),
  (1479,10),
  (1480,54),
  (1481,11),
  (1482,54),
  (1483,11),
  (1484,10),
  (1485,54),
  (1486,11),
  (1487,10),
  (1488,10),
  (1489,54),
  (1490,11),
  (1491,54),
  (1492,11),
  (1493,54),
  (1494,11),
  (1495,10),
  (1496,54),
  (1497,11),
  (1498,10),
  (1499,54),
  (1500,11),
  (1501,54),
  (1502,11),
  (1503,10),
  (1504,54),
  (1505,11),
  (1506,10),
  (1507,54),
  (1508,11),
  (1509,10),
  (1510,10),
  (1511,10),
  (1512,10),
  (1513,10),
  (1514,10),
  (1515,10),
  (1516,10),
  (1517,54),
  (1518,11),
  (1519,10),
  (1520,10),
  (1521,10),
  (1522,54),
  (1523,11),
  (1524,54),
  (1525,11),
  (1526,10),
  (1527,54),
  (1528,11),
  (1529,10),
  (1530,10),
  (1531,54),
  (1532,11),
  (1533,54),
  (1534,11),
  (1535,10),
  (1536,54),
  (1537,11),
  (1538,54),
  (1539,11),
  (1540,10),
  (1541,54),
  (1542,11),
  (1543,10),
  (1544,10),
  (1545,10),
  (1548,54),
  (1549,11),
  (1550,10),
  (1551,10),
  (1552,10),
  (1553,10),
  (1554,54),
  (1555,11),
  (1556,10),
  (1557,54),
  (1558,11),
  (1559,10),
  (1560,10),
  (1561,10),
  (1562,10),
  (1563,10),
  (1564,10),
  (1565,54),
  (1566,11),
  (1567,10),
  (1568,54),
  (1569,11),
  (1570,10),
  (1571,54),
  (1572,11),
  (1573,10),
  (1574,54),
  (1575,11),
  (1576,10),
  (1577,10),
  (1578,54),
  (1579,11),
  (1580,10),
  (1581,54),
  (1582,11),
  (1583,54),
  (1584,11),
  (1585,10),
  (1586,10),
  (1587,54),
  (1588,11),
  (1590,11),
  (1591,10),
  (1592,10),
  (1593,10),
  (1594,10),
  (1595,10),
  (1596,10),
  (1598,11),
  (1599,10),
  (1600,10),
  (1601,10),
  (1603,11),
  (1604,10),
  (1605,10),
  (1606,54),
  (1607,11),
  (1608,10),
  (1609,10),
  (1610,10),
  (1611,10),
  (1612,10),
  (1613,10),
  (1614,10),
  (1615,10),
  (1616,10),
  (1617,10),
  (1618,10),
  (1619,10),
  (1620,10),
  (1621,54),
  (1622,11),
  (1623,10),
  (1624,10),
  (1625,10),
  (1626,10),
  (1627,10),
  (1628,54),
  (1629,11),
  (1630,11),
  (1631,10),
  (1632,54),
  (1633,11),
  (1634,10),
  (1635,10),
  (1636,10),
  (1637,10),
  (1638,10),
  (1639,10),
  (1640,10),
  (1641,10),
  (1642,10),
  (1643,54),
  (1644,10),
  (1645,11),
  (1646,10),
  (1647,10),
  (1648,10),
  (1649,10),
  (1650,10),
  (1651,10),
  (1652,54),
  (1653,11),
  (1654,10),
  (1655,10),
  (1656,10),
  (1657,10),
  (1658,10),
  (1659,10),
  (1660,10),
  (1661,10),
  (1662,10),
  (1663,10),
  (1664,54),
  (1665,11),
  (1666,54),
  (1667,11),
  (1668,10),
  (1669,10),
  (1670,54),
  (1671,11),
  (1672,10),
  (1673,10),
  (1674,10),
  (1675,10),
  (1676,10),
  (1677,54),
  (1678,11),
  (1679,10),
  (1680,54),
  (1681,11),
  (1682,10),
  (1683,10),
  (1684,10),
  (1685,10),
  (1686,10),
  (1687,10),
  (1688,54),
  (1689,11),
  (1690,10),
  (1691,10),
  (1692,10),
  (1693,10),
  (1694,10),
  (1695,10),
  (1696,10),
  (1697,10),
  (1698,10),
  (1699,54),
  (1700,11),
  (1701,10),
  (1702,10),
  (1703,10),
  (1704,10),
  (1705,10),
  (1706,10),
  (1707,10),
  (1708,10),
  (1709,10),
  (1710,10),
  (1711,54),
  (1712,11),
  (1713,54),
  (1714,11),
  (1715,10),
  (1716,10),
  (1717,54),
  (1718,11),
  (1719,10),
  (1720,10),
  (1721,54),
  (1722,11),
  (1723,10),
  (1724,10),
  (1725,10),
  (1726,10),
  (1727,10),
  (1728,10),
  (1729,54);
COMMIT;

#
# Data for the `sys_access_registry` table  (LIMIT 1000,500)
#

INSERT INTO `sys_access_registry` (`obj_id`, `class_section_id`) VALUES 
  (1730,11),
  (1731,10),
  (1732,54),
  (1733,11),
  (1734,54),
  (1735,11),
  (1736,10),
  (1737,54),
  (1738,11),
  (1739,54),
  (1740,11),
  (1741,54),
  (1742,11),
  (1743,54),
  (1744,11),
  (1745,54),
  (1746,11),
  (1747,10),
  (1748,10),
  (1749,54),
  (1750,11),
  (1751,54),
  (1752,11),
  (1753,10),
  (1754,10),
  (1755,10),
  (1756,10),
  (1757,10),
  (1759,11),
  (1760,10),
  (1761,10),
  (1762,10),
  (1763,10),
  (1764,10),
  (1765,10),
  (1766,10),
  (1767,10),
  (1768,10),
  (1769,10),
  (1770,10),
  (1771,10),
  (1772,54),
  (1773,11),
  (1774,10),
  (1775,54),
  (1776,11),
  (1777,54),
  (1778,11),
  (1779,54),
  (1780,11),
  (1781,54),
  (1782,11),
  (1783,54),
  (1784,11),
  (1785,54),
  (1786,11),
  (1787,10),
  (1788,10),
  (1789,10),
  (1790,10),
  (1791,54),
  (1792,11),
  (1793,10),
  (1794,54),
  (1795,11),
  (1796,10),
  (1797,54),
  (1798,11),
  (1799,10),
  (1800,54),
  (1801,11),
  (1802,10),
  (1803,10),
  (1804,10),
  (1805,10),
  (1806,10),
  (1807,10),
  (1808,10),
  (1809,54),
  (1810,11),
  (1811,10),
  (1812,10),
  (1813,10),
  (1814,10),
  (1815,10),
  (1816,10),
  (1817,54),
  (1818,11),
  (1819,10),
  (1820,10),
  (1821,10),
  (1822,10),
  (1823,10),
  (1824,10),
  (1825,10),
  (1826,10),
  (1827,10),
  (1828,10),
  (1829,10),
  (1830,10),
  (1831,10),
  (1832,54),
  (1833,11),
  (1834,10),
  (1835,10),
  (1836,10),
  (1837,10),
  (1838,54),
  (1839,11),
  (1840,10),
  (1841,10),
  (1842,10),
  (1843,10),
  (1844,54),
  (1845,11),
  (1846,54),
  (1847,11),
  (1848,54),
  (1849,11),
  (1850,54),
  (1851,11),
  (1852,54),
  (1853,11),
  (1854,10),
  (1855,10),
  (1856,10),
  (1858,11),
  (1859,10),
  (1861,11),
  (1862,10),
  (1863,10),
  (1864,10),
  (1865,10),
  (1866,10),
  (1867,10),
  (1868,54),
  (1869,11),
  (1870,10),
  (1871,54),
  (1872,11),
  (1873,10),
  (1874,54),
  (1875,11),
  (1876,54),
  (1877,11),
  (1878,10),
  (1880,11),
  (1882,11),
  (1884,11),
  (1885,10),
  (1886,10),
  (1887,54),
  (1888,11),
  (1889,54),
  (1890,11),
  (1892,11),
  (1893,10),
  (1894,10),
  (1895,10),
  (1896,54),
  (1897,11),
  (1898,54),
  (1899,11),
  (1900,10),
  (1901,10),
  (1902,10),
  (1903,10),
  (1904,10),
  (1905,10),
  (1906,10),
  (1907,10),
  (1908,10),
  (1909,10),
  (1910,10),
  (1911,10),
  (1912,10),
  (1913,54),
  (1914,11),
  (1916,11),
  (1917,10),
  (1919,11),
  (1921,11),
  (1923,11),
  (1924,10),
  (1925,10),
  (1926,10),
  (1927,10),
  (1928,10),
  (1929,10),
  (1930,54),
  (1931,11),
  (1932,54),
  (1933,11),
  (1934,10),
  (1935,10),
  (1936,54),
  (1937,11),
  (1938,10),
  (1939,10),
  (1940,10),
  (1941,54),
  (1942,11),
  (1943,10),
  (1944,10),
  (1945,10),
  (1946,10),
  (1947,10),
  (1948,10),
  (1949,10),
  (1950,10),
  (1951,54),
  (1952,11),
  (1953,10),
  (1954,10),
  (1955,54),
  (1956,11),
  (1957,10),
  (1958,10),
  (1959,54),
  (1960,11),
  (1961,10),
  (1962,10),
  (1963,10),
  (1964,10),
  (1965,54),
  (1966,11),
  (1967,10),
  (1968,54),
  (1969,11),
  (1970,10),
  (1971,10),
  (1972,10),
  (1973,10),
  (1976,54),
  (1977,11),
  (1978,10),
  (1979,10),
  (1980,10),
  (1981,10),
  (1982,10),
  (1983,54),
  (1984,11),
  (1985,10),
  (1986,54),
  (1987,11),
  (1988,10),
  (1989,10),
  (1990,54),
  (1991,11),
  (1992,54),
  (1993,11),
  (1995,11),
  (1996,54),
  (1997,11),
  (1998,10),
  (1999,10),
  (2000,10),
  (2001,10),
  (2002,54),
  (2003,11),
  (2004,10),
  (2005,10),
  (2006,10),
  (2007,10),
  (2008,10),
  (2009,10),
  (2010,10),
  (2011,10),
  (2012,10),
  (2013,10),
  (2014,10),
  (2015,10),
  (2016,10),
  (2017,54),
  (2018,11),
  (2019,10),
  (2020,10),
  (2021,10),
  (2022,10),
  (2023,10),
  (2024,54),
  (2025,11),
  (2026,10),
  (2027,10),
  (2028,10),
  (2029,10),
  (2030,10),
  (2031,10),
  (2032,10),
  (2033,54),
  (2034,11),
  (2035,54),
  (2036,11),
  (2037,54),
  (2038,11),
  (2039,54),
  (2040,11),
  (2041,10),
  (2042,10),
  (2043,10),
  (2044,10),
  (2045,10),
  (2046,54),
  (2047,11),
  (2048,10),
  (2049,54),
  (2050,11),
  (2051,10),
  (2052,10),
  (2053,54),
  (2054,11),
  (2055,54),
  (2056,11),
  (2057,10),
  (2058,10),
  (2059,10),
  (2060,54),
  (2061,11),
  (2062,10),
  (2063,10),
  (2064,10),
  (2065,10),
  (2066,10),
  (2067,10),
  (2068,10),
  (2069,10),
  (2070,10),
  (2071,10),
  (2072,10),
  (2073,10),
  (2074,10),
  (2075,10),
  (2076,10),
  (2077,10),
  (2078,10),
  (2079,10),
  (2080,10),
  (2081,10),
  (2082,10),
  (2083,10),
  (2084,10),
  (2085,54),
  (2086,11),
  (2087,10),
  (2088,54),
  (2089,11),
  (2090,54),
  (2091,11),
  (2092,10),
  (2093,10),
  (2094,10),
  (2095,10),
  (2096,10),
  (2097,10),
  (2098,10),
  (2099,10),
  (2100,10),
  (2101,10),
  (2102,10),
  (2103,10),
  (2104,10),
  (2105,10),
  (2106,10),
  (2108,10),
  (2114,10),
  (2115,10),
  (2116,10),
  (2117,54),
  (2118,11),
  (2119,54),
  (2120,11),
  (2121,54),
  (2122,11),
  (2123,10),
  (2124,10),
  (2125,10),
  (2126,10),
  (2127,10),
  (2128,10),
  (2129,10),
  (2130,10),
  (2131,10),
  (2132,10),
  (2133,54),
  (2134,11),
  (2135,10),
  (2136,10),
  (2137,54),
  (2138,11),
  (2139,10),
  (2140,54),
  (2141,11),
  (2142,10),
  (2143,54),
  (2144,11),
  (2145,54),
  (2146,11),
  (2147,54),
  (2148,11),
  (2149,10),
  (2150,54),
  (2151,11),
  (2152,10),
  (2153,10),
  (2154,10),
  (2155,54),
  (2156,11),
  (2157,10),
  (2158,10),
  (2159,54),
  (2160,11),
  (2161,10),
  (2162,10),
  (2163,10),
  (2164,10),
  (2165,10),
  (2166,10),
  (2167,10),
  (2168,10),
  (2169,10),
  (2170,10),
  (2171,54),
  (2172,11),
  (2174,11),
  (2176,10),
  (2177,10),
  (2178,10),
  (2179,54),
  (2180,11),
  (2181,54),
  (2182,11),
  (2183,10),
  (2184,10),
  (2185,10),
  (2186,10),
  (2187,10),
  (2188,54),
  (2189,11),
  (2190,10),
  (2191,54),
  (2192,11),
  (2193,10),
  (2194,10),
  (2195,10),
  (2196,10),
  (2197,10),
  (2198,10),
  (2199,10),
  (2200,10),
  (2201,54),
  (2202,11),
  (2203,10),
  (2204,10),
  (2205,54),
  (2206,11),
  (2207,10),
  (2208,10),
  (2209,10),
  (2210,10),
  (2211,10),
  (2212,10),
  (2213,10),
  (2214,10),
  (2215,10),
  (2216,10),
  (2217,10),
  (2218,54),
  (2219,11),
  (2220,54),
  (2221,11),
  (2222,54),
  (2223,11),
  (2224,10),
  (2225,10),
  (2226,10),
  (2227,54),
  (2228,11),
  (2229,10),
  (2230,10),
  (2231,10),
  (2232,10),
  (2233,10),
  (2234,54),
  (2235,11),
  (2236,54),
  (2237,11),
  (2238,10),
  (2239,54),
  (2240,11),
  (2241,10),
  (2242,54),
  (2243,11),
  (2244,54),
  (2245,11),
  (2246,10),
  (2247,10),
  (2248,10),
  (2249,54),
  (2250,11),
  (2251,10);
COMMIT;

#
# Data for the `sys_access_registry` table  (LIMIT 1500,500)
#

INSERT INTO `sys_access_registry` (`obj_id`, `class_section_id`) VALUES 
  (2252,54),
  (2253,11),
  (2254,10),
  (2255,10),
  (2256,10),
  (2257,10),
  (2258,10),
  (2259,10),
  (2260,54),
  (2261,11),
  (2262,54),
  (2263,11),
  (2264,10),
  (2265,10),
  (2266,10),
  (2267,10),
  (2268,10),
  (2269,10),
  (2270,10),
  (2271,10),
  (2272,10),
  (2273,10),
  (2274,10),
  (2275,10),
  (2276,54),
  (2277,11),
  (2278,10),
  (2279,54),
  (2280,11),
  (2281,54),
  (2282,11),
  (2283,10),
  (2284,10),
  (2285,10),
  (2286,10),
  (2287,54),
  (2288,11),
  (2289,10),
  (2290,10),
  (2291,10),
  (2292,10),
  (2293,54),
  (2294,11),
  (2295,10),
  (2296,54),
  (2297,11),
  (2298,54),
  (2299,11),
  (2300,10),
  (2301,10),
  (2302,10),
  (2303,54),
  (2304,11),
  (2305,54),
  (2306,11),
  (2307,10),
  (2308,10),
  (2309,10),
  (2310,10),
  (2311,10),
  (2312,10),
  (2313,10),
  (2314,10),
  (2315,10),
  (2316,10),
  (2317,10),
  (2318,10),
  (2319,10),
  (2320,10),
  (2321,54),
  (2322,11),
  (2323,54),
  (2324,11),
  (2325,10),
  (2326,10),
  (2327,10),
  (2328,10),
  (2329,10),
  (2330,54),
  (2331,11),
  (2332,10),
  (2333,10),
  (2334,10),
  (2335,10),
  (2336,10),
  (2337,10),
  (2338,10),
  (2339,54),
  (2340,11),
  (2341,10),
  (2342,10),
  (2343,10),
  (2344,10),
  (2347,10),
  (2348,10),
  (2349,10),
  (2350,10),
  (2351,10),
  (2352,10),
  (2353,10),
  (2354,10),
  (2355,54),
  (2356,11),
  (2357,54),
  (2358,11),
  (2359,54),
  (2360,11),
  (2361,54),
  (2362,11),
  (2363,54),
  (2364,11),
  (2365,54),
  (2366,11),
  (2367,10),
  (2368,10),
  (2369,10),
  (2370,10),
  (2371,54),
  (2372,11),
  (2373,54),
  (2374,11),
  (2375,10),
  (2376,54),
  (2377,11),
  (2378,54),
  (2379,11),
  (2380,10),
  (2381,10),
  (2382,10),
  (2383,10),
  (2384,54),
  (2385,11),
  (2386,10),
  (2387,10),
  (2388,10),
  (2389,54),
  (2390,11),
  (2391,54),
  (2392,11),
  (2393,54),
  (2394,11),
  (2395,10),
  (2396,54),
  (2397,11),
  (2398,54),
  (2399,11),
  (2400,10),
  (2401,10),
  (2402,10),
  (2403,10),
  (2404,10),
  (2405,10),
  (2406,54),
  (2408,54),
  (2409,11),
  (2410,10),
  (2411,54),
  (2412,11),
  (2413,54),
  (2414,11),
  (2415,10),
  (2416,10),
  (2417,10),
  (2418,10),
  (2419,54),
  (2420,11),
  (2421,54),
  (2422,11),
  (2423,10),
  (2424,10),
  (2425,54),
  (2426,11),
  (2427,54),
  (2428,11),
  (2429,10),
  (2430,54),
  (2431,11),
  (2432,54),
  (2433,11),
  (2434,10),
  (2435,54),
  (2436,11),
  (2437,10),
  (2438,10),
  (2439,10),
  (2440,10),
  (2441,10),
  (2442,10),
  (2443,10),
  (2444,10),
  (2445,10),
  (2446,10),
  (2447,10),
  (2448,10),
  (2449,10),
  (2450,10),
  (2451,10),
  (2452,10),
  (2453,54),
  (2454,11),
  (2455,54),
  (2456,11),
  (2457,10),
  (2458,10),
  (2459,54),
  (2460,11),
  (2461,10),
  (2462,10),
  (2463,10),
  (2464,10),
  (2465,10),
  (2466,10),
  (2467,54),
  (2468,11),
  (2469,54),
  (2470,11),
  (2471,10),
  (2472,54),
  (2473,11),
  (2474,54),
  (2475,11),
  (2476,10),
  (2477,10),
  (2478,10),
  (2479,10),
  (2480,10),
  (2481,10),
  (2482,10),
  (2483,54),
  (2484,11),
  (2485,54),
  (2486,11),
  (2487,10),
  (2488,10),
  (2489,54),
  (2490,11),
  (2491,10),
  (2492,10),
  (2493,54),
  (2494,11),
  (2495,10),
  (2496,54),
  (2497,11),
  (2498,54),
  (2499,11),
  (2500,10),
  (2501,10),
  (2502,10),
  (2503,10),
  (2504,54),
  (2505,11),
  (2506,10),
  (2507,10),
  (2508,10),
  (2509,54),
  (2510,11),
  (2511,10),
  (2512,10),
  (2513,10),
  (2514,10),
  (2515,10),
  (2516,10),
  (2517,10),
  (2518,54),
  (2519,11),
  (2520,10),
  (2521,10),
  (2522,10),
  (2523,10),
  (2524,10),
  (2525,10),
  (2526,54),
  (2527,11),
  (2528,10),
  (2529,54),
  (2530,11),
  (2531,10),
  (2532,10),
  (2533,10),
  (2534,10),
  (2535,10),
  (2536,54),
  (2537,11),
  (2538,10),
  (2539,10),
  (2540,10),
  (2541,10),
  (2542,10),
  (2543,10),
  (2544,10),
  (2545,54),
  (2546,11),
  (2547,10),
  (2548,10),
  (2549,10),
  (2550,10),
  (2551,10),
  (2553,11),
  (2554,54),
  (2555,11),
  (2556,10),
  (2557,10),
  (2558,10),
  (2559,10),
  (2560,54),
  (2561,11),
  (2562,10),
  (2563,10),
  (2564,10),
  (2565,10),
  (2566,54),
  (2567,11),
  (2568,54),
  (2569,11),
  (2570,10),
  (2571,54),
  (2572,11),
  (2573,10),
  (2574,54),
  (2575,11),
  (2576,10),
  (2577,10),
  (2578,10),
  (2579,10),
  (2580,54),
  (2581,11),
  (2582,10),
  (2583,10),
  (2584,10),
  (2585,10),
  (2586,54),
  (2587,11),
  (2588,10),
  (2589,10),
  (2590,10),
  (2591,10),
  (2592,10),
  (2593,10),
  (2594,10),
  (2595,10),
  (2596,10),
  (2597,10),
  (2598,10),
  (2599,10),
  (2600,10),
  (2601,10),
  (2602,10),
  (2603,10),
  (2604,10),
  (2605,10),
  (2606,10),
  (2607,10),
  (2608,10),
  (2609,10),
  (2610,10),
  (2611,10),
  (2612,10),
  (2613,10),
  (2614,10),
  (2615,10),
  (2616,10),
  (2617,10),
  (2618,10),
  (2619,10),
  (2620,10),
  (2621,10),
  (2622,10),
  (2623,10),
  (2624,10),
  (2625,10),
  (2626,10),
  (2627,10),
  (2628,10),
  (2629,54),
  (2630,11),
  (2631,10),
  (2632,10),
  (2633,10),
  (2634,10),
  (2635,10),
  (2636,10),
  (2637,54),
  (2638,11),
  (2639,54),
  (2640,11),
  (2641,10),
  (2642,10),
  (2643,10),
  (2644,10),
  (2645,10),
  (2646,10),
  (2647,10),
  (2648,10),
  (2649,10),
  (2650,10),
  (2651,10),
  (2652,10),
  (2653,54),
  (2654,11),
  (2655,10),
  (2656,10),
  (2657,10),
  (2658,10),
  (2659,10),
  (2660,10),
  (2661,54),
  (2662,11),
  (2663,10),
  (2664,10),
  (2665,10),
  (2666,10),
  (2667,54),
  (2668,11),
  (2669,10),
  (2670,10),
  (2671,10),
  (2672,54),
  (2673,11),
  (2674,10),
  (2675,54),
  (2676,11),
  (2677,10),
  (2678,10),
  (2679,10),
  (2680,54),
  (2681,11),
  (2682,54),
  (2683,11),
  (2684,54),
  (2685,11),
  (2686,54),
  (2687,11),
  (2688,54),
  (2689,11),
  (2690,54),
  (2691,11),
  (2692,10),
  (2693,54),
  (2694,11),
  (2695,10),
  (2696,54),
  (2697,11),
  (2698,10),
  (2699,10),
  (2700,54),
  (2701,11),
  (2702,10),
  (2703,10),
  (2704,10),
  (2705,10),
  (2706,10),
  (2707,54),
  (2708,11),
  (2709,10),
  (2710,10),
  (2711,10),
  (2712,10),
  (2713,10),
  (2714,10),
  (2715,54),
  (2716,11),
  (2717,10),
  (2718,10),
  (2719,10),
  (2720,10),
  (2721,10),
  (2722,10),
  (2723,10),
  (2724,10),
  (2725,10),
  (2726,54),
  (2727,11),
  (2728,10),
  (2729,10),
  (2730,10),
  (2731,10),
  (2732,10),
  (2733,10),
  (2734,54),
  (2735,11),
  (2736,10),
  (2737,54),
  (2738,11),
  (2739,54),
  (2740,11),
  (2741,10),
  (2742,10),
  (2743,10),
  (2744,10),
  (2745,10),
  (2746,10),
  (2747,10),
  (2748,10),
  (2749,10),
  (2750,10),
  (2751,54),
  (2752,11),
  (2753,54),
  (2754,11),
  (2755,54);
COMMIT;

#
# Data for the `sys_access_registry` table  (LIMIT 2000,500)
#

INSERT INTO `sys_access_registry` (`obj_id`, `class_section_id`) VALUES 
  (2756,11),
  (2757,54),
  (2758,11),
  (2759,54),
  (2760,11),
  (2761,10),
  (2762,10),
  (2763,10),
  (2764,10),
  (2765,10),
  (2766,10),
  (2767,10),
  (2768,10),
  (2769,10),
  (2770,10),
  (2771,10),
  (2772,10),
  (2773,10),
  (2774,54),
  (2775,11),
  (2776,10),
  (2777,10),
  (2778,10),
  (2779,10),
  (2780,10),
  (2781,10),
  (2782,10),
  (2783,10),
  (2784,54),
  (2785,11),
  (2786,54),
  (2787,11),
  (2788,10),
  (2789,10),
  (2790,10),
  (2791,10),
  (2792,10),
  (2793,10),
  (2794,10),
  (2795,10),
  (2796,54),
  (2797,11),
  (2798,10),
  (2799,10),
  (2800,10),
  (2801,10),
  (2802,54),
  (2803,11),
  (2804,10),
  (2805,10),
  (2806,54),
  (2807,11),
  (2808,10),
  (2809,10),
  (2810,10),
  (2811,10),
  (2812,10),
  (2813,10),
  (2814,54),
  (2815,11),
  (2816,10),
  (2817,54),
  (2818,11),
  (2819,54),
  (2820,11),
  (2821,10),
  (2822,10),
  (2823,10),
  (2824,10),
  (2825,10),
  (2826,54),
  (2827,11),
  (2828,54),
  (2829,11),
  (2830,10),
  (2831,10),
  (2832,54),
  (2833,11),
  (2834,10),
  (2835,10),
  (2836,10),
  (2837,10),
  (2838,10),
  (2839,10),
  (2840,54),
  (2841,11),
  (2842,10),
  (2843,54),
  (2844,10),
  (2845,11),
  (2846,10),
  (2847,10),
  (2848,54),
  (2849,11),
  (2850,54),
  (2851,11),
  (2852,54),
  (2853,11),
  (2854,10),
  (2855,54),
  (2856,11),
  (2857,10),
  (2858,10),
  (2859,54),
  (2860,11),
  (2861,10),
  (2862,54),
  (2863,11),
  (2864,54),
  (2865,11),
  (2866,10),
  (2867,10),
  (2868,10),
  (2869,10),
  (2870,10),
  (2871,10),
  (2872,54),
  (2873,11),
  (2874,10),
  (2875,10),
  (2876,54),
  (2877,11),
  (2878,10),
  (2879,54),
  (2880,11),
  (2881,10),
  (2882,10),
  (2883,10),
  (2884,10),
  (2885,10),
  (2886,10),
  (2887,10),
  (2888,10),
  (2889,54),
  (2890,11),
  (2891,54),
  (2892,11),
  (2893,10),
  (2894,10),
  (2895,54),
  (2896,11),
  (2897,54),
  (2898,11),
  (2899,10),
  (2900,54),
  (2901,11),
  (2902,10),
  (2903,10),
  (2904,10),
  (2905,54),
  (2906,11),
  (2907,54),
  (2908,11),
  (2909,10),
  (2910,54),
  (2911,11),
  (2912,54),
  (2913,11),
  (2914,10),
  (2915,10),
  (2916,10),
  (2917,10),
  (2918,10),
  (2919,10),
  (2920,10),
  (2921,10),
  (2922,10),
  (2923,10),
  (2924,10),
  (2925,10),
  (2926,10),
  (2927,10),
  (2928,10),
  (2929,10),
  (2930,54),
  (2931,11),
  (2932,10),
  (2933,10),
  (2934,10),
  (2935,10),
  (2936,10),
  (2937,10),
  (2938,10),
  (2939,10),
  (2940,10),
  (2941,10),
  (2942,10),
  (2943,10),
  (2944,10),
  (2945,10),
  (2946,54),
  (2947,11),
  (2948,10),
  (2949,10),
  (2950,10),
  (2951,54),
  (2952,11),
  (2953,10),
  (2954,10),
  (2955,10),
  (2956,10),
  (2957,10),
  (2958,10),
  (2959,10),
  (2960,10),
  (2961,54),
  (2962,11),
  (2963,54),
  (2964,11),
  (2965,54),
  (2966,11),
  (2967,10),
  (2968,10),
  (2969,10);
COMMIT;

#
# Structure for the `sys_actions` table : 
#

DROP TABLE IF EXISTS `sys_actions`;

CREATE TABLE `sys_actions` (
  `id` INTEGER(11) NOT NULL AUTO_INCREMENT,
  `name` CHAR(255) COLLATE utf8_general_ci DEFAULT NULL,
  PRIMARY KEY (`id`),
  UNIQUE KEY `name` (`name`)
)ENGINE=MyISAM
AUTO_INCREMENT=110 ROW_FORMAT=FIXED CHARACTER SET 'utf8' COLLATE 'utf8_general_ci';

#
# Data for the `sys_actions` table  (LIMIT 0,500)
#

INSERT INTO `sys_actions` (`id`, `name`) VALUES 
  (1,'edit'),
  (2,'delete'),
  (3,'view'),
  (4,'create'),
  (5,'list'),
  (6,'createFolder'),
  (7,'editFolder'),
  (8,'deleteFolder'),
  (9,'editACL'),
  (10,'login'),
  (11,'exit'),
  (12,'memberOf'),
  (13,'groupDelete'),
  (14,'groupsList'),
  (15,'groupEdit'),
  (16,'membersList'),
  (17,'addToGroup'),
  (18,'editDefault'),
  (19,'post'),
  (20,'admin'),
  (21,'devToolbar'),
  (27,'upload'),
  (28,'get'),
  (29,'move'),
  (30,'moveFolder'),
  (51,'groupCreate'),
  (52,'viewGallery'),
  (53,'createAlbum'),
  (54,'editAlbum'),
  (55,'viewAlbum'),
  (56,'uploadPhoto'),
  (57,'viewThumbnail'),
  (59,'viewPhoto'),
  (60,'editPhoto'),
  (61,'save'),
  (62,'deletemenu'),
  (63,'addmenu'),
  (64,'editmenu'),
  (65,'additem'),
  (66,'last'),
  (67,'moveUp'),
  (68,'moveDown'),
  (69,'register'),
  (70,'results'),
  (71,'send'),
  (72,'addCategory'),
  (73,'deleteCategory'),
  (74,'editCategory'),
  (75,'viewActual'),
  (76,'deleteAlbum'),
  (77,'deletecat'),
  (78,'createcat'),
  (79,'editcat'),
  (80,'forum'),
  (81,'thread'),
  (82,'newThread'),
  (83,'createCategory'),
  (84,'createForum'),
  (85,'editForum'),
  (86,'goto'),
  (87,'editThread'),
  (88,'moveThread'),
  (89,'up'),
  (90,'down'),
  (91,'createRoot'),
  (92,'browse'),
  (93,'new'),
  (94,'editTags'),
  (95,'tagsCloud'),
  (96,'itemsTagsCloud'),
  (97,'searchByTag'),
  (98,'profile'),
  (99,'groupAdmin'),
  (100,'editProfile'),
  (101,'massAction'),
  (102,'translate'),
  (103,'configuration'),
  (104,'adminTypes'),
  (105,'adminProperties'),
  (106,'listAll'),
  (107,'add'),
  (108,'quote'),
  (109,'rss');
COMMIT;

#
# Structure for the `sys_cfg` table : 
#

DROP TABLE IF EXISTS `sys_cfg`;

CREATE TABLE `sys_cfg` (
  `id` INTEGER(11) NOT NULL AUTO_INCREMENT,
  `section` INTEGER(11) NOT NULL DEFAULT '0',
  `module` INTEGER(11) NOT NULL DEFAULT '0',
  PRIMARY KEY (`id`),
  UNIQUE KEY `section_module` (`section`, `module`)
)ENGINE=MyISAM
AUTO_INCREMENT=27 ROW_FORMAT=FIXED CHARACTER SET 'utf8' COLLATE 'utf8_general_ci';

#
# Data for the `sys_cfg` table  (LIMIT 0,500)
#

INSERT INTO `sys_cfg` (`id`, `section`, `module`) VALUES 
  (1,0,0),
  (2,0,1),
  (3,0,2),
  (7,0,9),
  (9,0,10),
  (15,10,10),
  (16,0,8),
  (17,1,1),
  (18,9,9),
  (19,0,5),
  (20,0,6),
  (21,0,11),
  (22,0,12),
  (23,0,17),
  (24,0,18),
  (25,0,16),
  (26,0,15);
COMMIT;

#
# Structure for the `sys_cfg_titles` table : 
#

DROP TABLE IF EXISTS `sys_cfg_titles`;

CREATE TABLE `sys_cfg_titles` (
  `id` INTEGER(11) UNSIGNED NOT NULL AUTO_INCREMENT,
  `title` CHAR(255) COLLATE utf8_general_ci DEFAULT NULL,
  PRIMARY KEY (`id`),
  UNIQUE KEY `title` (`title`)
)ENGINE=MyISAM
AUTO_INCREMENT=18 ROW_FORMAT=FIXED CHARACTER SET 'utf8' COLLATE 'utf8_general_ci';

#
# Data for the `sys_cfg_titles` table  (LIMIT 0,500)
#

INSERT INTO `sys_cfg_titles` (`id`, `title`) VALUES 
  (1,'Элементов на странице'),
  (2,'Каталог загрузки'),
  (3,'Кэ'),
  (4,'Ширина создаваемой превью'),
  (5,'Длина создаваемого превью'),
  (6,'Ширина создаваемого превью'),
  (7,'Секция файлменеджера'),
  (8,'Количество последних фотографий'),
  (9,''),
  (10,'public_path'),
  (11,'Длина строки'),
  (12,'Количество постов на странице'),
  (13,'Путь до каталога хранения файлов в модуле fileManager'),
  (14,'Тем на страницу'),
  (15,'Количество тем на страницу'),
  (16,'Минимальная длина тега (символов)'),
  (17,'Максимальный вес тега');
COMMIT;

#
# Structure for the `sys_cfg_types` table : 
#

DROP TABLE IF EXISTS `sys_cfg_types`;

CREATE TABLE `sys_cfg_types` (
  `id` INTEGER(11) NOT NULL AUTO_INCREMENT,
  `name` VARCHAR(255) COLLATE utf8_general_ci NOT NULL DEFAULT '',
  `title` VARCHAR(255) COLLATE utf8_general_ci NOT NULL DEFAULT '',
  PRIMARY KEY (`id`)
)ENGINE=MyISAM
AUTO_INCREMENT=3 CHARACTER SET 'utf8' COLLATE 'utf8_general_ci';

#
# Data for the `sys_cfg_types` table  (LIMIT 0,500)
#

INSERT INTO `sys_cfg_types` (`id`, `name`, `title`) VALUES 
  (1,'char','Строка'),
  (2,'int','Целое');
COMMIT;

#
# Structure for the `sys_cfg_values` table : 
#

DROP TABLE IF EXISTS `sys_cfg_values`;

CREATE TABLE `sys_cfg_values` (
  `id` INTEGER(11) NOT NULL AUTO_INCREMENT,
  `cfg_id` INTEGER(11) NOT NULL DEFAULT '0',
  `name` INTEGER(11) NOT NULL DEFAULT '0',
  `title` INTEGER(11) DEFAULT NULL,
  `type_id` INTEGER(11) NOT NULL DEFAULT '1',
  `value` VARCHAR(255) COLLATE utf8_general_ci NOT NULL DEFAULT '',
  PRIMARY KEY (`id`),
  UNIQUE KEY `cfg_id_name` (`cfg_id`, `name`)
)ENGINE=MyISAM
AUTO_INCREMENT=59 CHARACTER SET 'utf8' COLLATE 'utf8_general_ci';

#
# Data for the `sys_cfg_values` table  (LIMIT 0,500)
#

INSERT INTO `sys_cfg_values` (`id`, `cfg_id`, `name`, `title`, `type_id`, `value`) VALUES 
  (1,1,3,3,1,'true'),
  (2,2,1,1,1,'10'),
  (3,3,1,1,1,'20'),
  (14,6,1,1,1,'20'),
  (23,9,1,1,2,'10'),
  (28,4,1,1,1,'10'),
  (29,10,1,1,1,'10'),
  (31,11,1,1,1,'60'),
  (34,7,1,1,1,'10'),
  (41,17,1,1,1,'10'),
  (44,21,4,6,1,'80'),
  (45,21,5,5,1,'60'),
  (46,21,6,7,1,'fileManager'),
  (47,21,7,8,1,'5'),
  (48,18,1,1,1,'10'),
  (50,7,8,10,1,'files'),
  (53,15,1,1,1,'60'),
  (54,26,11,12,2,'10'),
  (55,21,12,13,1,'root/gallery'),
  (56,26,13,15,2,'10'),
  (57,23,14,16,2,'2'),
  (58,23,15,17,2,'5');
COMMIT;

#
# Structure for the `sys_cfg_vars` table : 
#

DROP TABLE IF EXISTS `sys_cfg_vars`;

CREATE TABLE `sys_cfg_vars` (
  `id` INTEGER(11) UNSIGNED NOT NULL AUTO_INCREMENT,
  `name` CHAR(255) COLLATE utf8_general_ci DEFAULT NULL,
  PRIMARY KEY (`id`),
  UNIQUE KEY `name` (`name`)
)ENGINE=MyISAM
AUTO_INCREMENT=16 ROW_FORMAT=FIXED CHARACTER SET 'utf8' COLLATE 'utf8_general_ci';

#
# Data for the `sys_cfg_vars` table  (LIMIT 0,500)
#

INSERT INTO `sys_cfg_vars` (`id`, `name`) VALUES 
  (1,'items_per_page'),
  (2,'upload_path'),
  (3,'cache'),
  (4,'thmb_width'),
  (5,'thmb_height'),
  (6,'filemanager_section'),
  (7,'last_photo_number'),
  (8,'public_path'),
  (9,'strlen'),
  (10,'length'),
  (11,'posts_per_page'),
  (12,'fileManager_path'),
  (13,'threads_per_page'),
  (14,'minLength'),
  (15,'maxWeight');
COMMIT;

#
# Structure for the `sys_classes` table : 
#

DROP TABLE IF EXISTS `sys_classes`;

CREATE TABLE `sys_classes` (
  `id` INTEGER(11) NOT NULL AUTO_INCREMENT,
  `name` CHAR(255) COLLATE utf8_general_ci DEFAULT NULL,
  `module_id` INTEGER(11) UNSIGNED DEFAULT NULL,
  PRIMARY KEY (`id`),
  UNIQUE KEY `name` (`name`)
)ENGINE=MyISAM
AUTO_INCREMENT=58 ROW_FORMAT=FIXED CHARACTER SET 'utf8' COLLATE 'utf8_general_ci';

#
# Data for the `sys_classes` table  (LIMIT 0,500)
#

INSERT INTO `sys_classes` (`id`, `name`, `module_id`) VALUES 
  (1,'news',1),
  (2,'newsFolder',1),
  (3,'user',2),
  (4,'group',2),
  (6,'page',4),
  (7,'access',5),
  (8,'userGroup',2),
  (9,'admin',6),
  (10,'comments',8),
  (11,'commentsFolder',8),
  (12,'userAuth',2),
  (13,'pageFolder',4),
  (17,'file',9),
  (18,'folder',9),
  (19,'catalogue',10),
  (20,'catalogueFolder',10),
  (21,'gallery',11),
  (22,'album',11),
  (23,'photo',11),
  (24,'menuItem',12),
  (25,'menu',12),
  (26,'menuFolder',12),
  (27,'userOnline',2),
  (28,'question',13),
  (29,'answer',13),
  (30,'voteFolder',13),
  (32,'message',14),
  (33,'messageCategory',14),
  (34,'voteCategory',13),
  (35,'forum',15),
  (36,'category',15),
  (37,'thread',15),
  (38,'post',15),
  (39,'faq',16),
  (41,'faqCategory',16),
  (42,'faqFolder',16),
  (43,'categoryFolder',15),
  (44,'tags',17),
  (45,'tagsItem',17),
  (46,'tagsItemRel',17),
  (47,'captcha',18),
  (48,'profile',15),
  (49,'storage',9),
  (50,'userFolder',2),
  (52,'groupFolder',2),
  (53,'ratingsFolder',21),
  (54,'ratings',21),
  (55,'quote',22),
  (56,'quoteCategory',22),
  (57,'quoteFolder',22);
COMMIT;

#
# Structure for the `sys_classes_actions` table : 
#

DROP TABLE IF EXISTS `sys_classes_actions`;

CREATE TABLE `sys_classes_actions` (
  `id` INTEGER(11) UNSIGNED NOT NULL AUTO_INCREMENT,
  `class_id` INTEGER(11) UNSIGNED DEFAULT NULL,
  `action_id` INTEGER(11) UNSIGNED DEFAULT NULL,
  PRIMARY KEY (`id`),
  UNIQUE KEY `class_id` (`class_id`, `action_id`)
)ENGINE=MyISAM
AUTO_INCREMENT=303 ROW_FORMAT=FIXED CHARACTER SET 'utf8' COLLATE 'utf8_general_ci';

#
# Data for the `sys_classes_actions` table  (LIMIT 0,500)
#

INSERT INTO `sys_classes_actions` (`id`, `class_id`, `action_id`) VALUES 
  (1,1,1),
  (2,1,2),
  (3,1,3),
  (4,1,9),
  (5,2,4),
  (6,2,5),
  (7,2,6),
  (8,2,7),
  (9,2,8),
  (10,2,9),
  (11,3,10),
  (12,3,11),
  (13,3,5),
  (14,3,1),
  (15,3,12),
  (16,3,2),
  (17,4,13),
  (19,4,15),
  (20,4,16),
  (21,4,17),
  (22,3,9),
  (23,4,9),
  (24,6,3),
  (25,6,9),
  (28,6,1),
  (29,6,2),
  (31,7,18),
  (32,7,9),
  (34,9,3),
  (35,9,9),
  (36,10,1),
  (37,10,2),
  (38,10,9),
  (39,11,5),
  (40,11,19),
  (41,11,9),
  (46,13,9),
  (47,13,7),
  (48,13,6),
  (49,13,4),
  (50,13,5),
  (51,9,21),
  (62,18,27),
  (63,17,1),
  (64,17,28),
  (65,17,2),
  (66,17,9),
  (67,18,9),
  (68,17,18),
  (69,18,18),
  (70,1,29),
  (71,17,29),
  (72,18,6),
  (73,18,8),
  (74,18,7),
  (76,2,30),
  (77,18,30),
  (91,13,8),
  (92,13,30),
  (95,19,2),
  (99,20,5),
  (100,20,4),
  (102,20,6),
  (103,20,7),
  (104,20,30),
  (105,20,8),
  (107,19,29),
  (108,19,1),
  (111,19,9),
  (114,7,20),
  (115,20,9),
  (116,6,29),
  (129,19,3),
  (130,21,9),
  (131,22,9),
  (132,23,9),
  (133,21,52),
  (134,21,53),
  (135,22,54),
  (136,22,55),
  (137,22,56),
  (138,23,57),
  (139,23,2),
  (141,23,3),
  (143,23,59),
  (144,23,60),
  (145,24,9),
  (146,25,9),
  (147,25,3),
  (151,24,1),
  (152,24,4),
  (155,25,62),
  (156,24,2),
  (157,26,9),
  (158,26,20),
  (160,26,63),
  (161,25,64),
  (168,21,20),
  (169,28,9),
  (170,29,9),
  (171,30,9),
  (172,31,9),
  (174,28,3),
  (176,28,70),
  (177,28,1),
  (178,28,19),
  (179,32,9),
  (180,33,9),
  (181,33,5),
  (182,32,3),
  (185,33,71),
  (186,32,2),
  (187,30,20),
  (189,28,2),
  (190,34,9),
  (192,34,4),
  (194,30,72),
  (195,34,73),
  (196,34,74),
  (197,34,75),
  (198,22,76),
  (199,24,29),
  (200,35,9),
  (201,36,9),
  (202,37,9),
  (203,38,9),
  (205,39,9),
  (206,40,9),
  (207,41,9),
  (208,42,9),
  (209,41,5),
  (210,41,4),
  (211,39,1),
  (212,39,2),
  (214,41,77),
  (215,42,20),
  (216,42,78),
  (217,41,79),
  (218,43,9),
  (219,43,80),
  (221,37,81),
  (222,35,5),
  (223,35,82),
  (224,37,19),
  (225,38,1),
  (226,43,83),
  (227,35,20),
  (229,36,74),
  (230,36,84),
  (231,35,85),
  (232,37,66),
  (233,38,86),
  (234,37,87),
  (235,37,88),
  (239,25,91),
  (240,18,5),
  (241,18,92),
  (242,44,9),
  (243,45,9),
  (244,46,9),
  (249,45,96),
  (250,45,95),
  (251,45,94),
  (252,45,5),
  (253,1,97),
  (254,47,9),
  (255,47,3),
  (258,48,9),
  (259,48,98),
  (260,49,9),
  (261,36,73),
  (263,50,9),
  (264,50,20),
  (266,50,69),
  (270,50,4),
  (271,50,51),
  (272,51,9),
  (277,52,9),
  (279,52,51),
  (280,52,14),
  (281,48,100),
  (282,20,101),
  (284,53,9),
  (285,54,9),
  (286,53,3),
  (288,19,104),
  (289,19,105),
  (290,55,9),
  (291,56,9),
  (292,57,9),
  (299,55,2),
  (300,55,1),
  (301,56,74),
  (302,57,72);
COMMIT;

#
# Structure for the `sys_classes_sections` table : 
#

DROP TABLE IF EXISTS `sys_classes_sections`;

CREATE TABLE `sys_classes_sections` (
  `id` INTEGER(11) NOT NULL AUTO_INCREMENT,
  `class_id` INTEGER(11) DEFAULT NULL,
  `section_id` INTEGER(11) DEFAULT NULL,
  PRIMARY KEY (`id`),
  UNIQUE KEY `module_section` (`section_id`, `class_id`),
  KEY `class_id` (`class_id`)
)ENGINE=MyISAM
AUTO_INCREMENT=57 ROW_FORMAT=FIXED CHARACTER SET 'utf8' COLLATE 'utf8_general_ci';

#
# Data for the `sys_classes_sections` table  (LIMIT 0,500)
#

INSERT INTO `sys_classes_sections` (`id`, `class_id`, `section_id`) VALUES 
  (3,3,2),
  (4,4,2),
  (6,6,4),
  (7,7,6),
  (8,8,2),
  (9,9,7),
  (10,10,8),
  (11,11,8),
  (12,12,2),
  (13,13,4),
  (14,17,9),
  (15,18,9),
  (24,27,2),
  (28,31,13),
  (40,45,17),
  (41,44,17),
  (42,46,17),
  (43,47,18),
  (48,49,9),
  (49,50,2),
  (50,51,2),
  (51,52,2),
  (54,55,20),
  (55,56,20),
  (56,57,20);
COMMIT;

#
# Structure for the `sys_lang` table : 
#

DROP TABLE IF EXISTS `sys_lang`;

CREATE TABLE `sys_lang` (
  `id` INTEGER(11) UNSIGNED NOT NULL AUTO_INCREMENT,
  `name` CHAR(20) COLLATE utf8_general_ci DEFAULT NULL,
  `title` CHAR(20) COLLATE utf8_general_ci DEFAULT NULL,
  PRIMARY KEY (`id`)
)ENGINE=MyISAM
AUTO_INCREMENT=3 ROW_FORMAT=FIXED CHARACTER SET 'utf8' COLLATE 'utf8_general_ci';

#
# Data for the `sys_lang` table  (LIMIT 0,500)
#

INSERT INTO `sys_lang` (`id`, `name`, `title`) VALUES 
  (1,'ru','ру'),
  (2,'en','en');
COMMIT;

#
# Structure for the `sys_lang_lang` table : 
#

DROP TABLE IF EXISTS `sys_lang_lang`;

CREATE TABLE `sys_lang_lang` (
  `id` INTEGER(11) UNSIGNED NOT NULL,
  `lang_id` INTEGER(11) UNSIGNED NOT NULL,
  `name` CHAR(32) COLLATE utf8_general_ci DEFAULT NULL,
  PRIMARY KEY (`id`, `lang_id`)
)ENGINE=MyISAM
ROW_FORMAT=FIXED CHARACTER SET 'utf8' COLLATE 'utf8_general_ci';

#
# Data for the `sys_lang_lang` table  (LIMIT 0,500)
#

INSERT INTO `sys_lang_lang` (`id`, `lang_id`, `name`) VALUES 
  (1,1,'русский'),
  (1,2,'russian'),
  (2,1,'английский'),
  (2,2,'english');
COMMIT;

#
# Structure for the `sys_modules` table : 
#

DROP TABLE IF EXISTS `sys_modules`;

CREATE TABLE `sys_modules` (
  `id` INTEGER(11) UNSIGNED NOT NULL AUTO_INCREMENT,
  `name` CHAR(255) COLLATE utf8_general_ci DEFAULT NULL,
  `main_class` INTEGER(11) UNSIGNED DEFAULT NULL,
  `title` CHAR(255) COLLATE utf8_general_ci DEFAULT NULL,
  `icon` CHAR(255) COLLATE utf8_general_ci DEFAULT NULL,
  `order` INTEGER(11) DEFAULT NULL,
  PRIMARY KEY (`id`)
)ENGINE=MyISAM
AUTO_INCREMENT=23 ROW_FORMAT=FIXED CHARACTER SET 'utf8' COLLATE 'utf8_general_ci';

#
# Data for the `sys_modules` table  (LIMIT 0,500)
#

INSERT INTO `sys_modules` (`id`, `name`, `main_class`, `title`, `icon`, `order`) VALUES 
  (1,'news',1,'Новости','news.gif',10),
  (2,'user',50,'Пользователи','users.gif',90),
  (4,'page',6,'Страницы','pages.gif',20),
  (5,'access',7,'Права доступа','access.gif',10),
  (6,'admin',9,'Администрирование','admin.gif',20),
  (8,'comments',10,'Комментарии','comments.gif',40),
  (9,'fileManager',17,'Менеджер файлов','fm.gif',50),
  (10,'catalogue',19,'Каталог','catalogue.gif',30),
  (11,'gallery',21,'Галерея','gallery.gif',80),
  (12,'menu',26,'Меню','pages.gif',90),
  (13,'voting',30,'Голосование','voting.gif',0),
  (14,'message',32,'Сообщения пользователей','page.gif',0),
  (15,'forum',35,'Форум','forum.gif',0),
  (16,'faq',42,'FAQ','faq.gif',0),
  (17,'tags',45,'','',0),
  (18,'captcha',47,'Captcha','',0),
  (19,'pager',NULL,'Пейджер',NULL,NULL),
  (20,'simple',NULL,'simple',NULL,NULL),
  (21,'ratings',53,'Рейтинги','',0),
  (22,'quoter',57,'Цитатник','',0);
COMMIT;

#
# Structure for the `sys_obj_id` table : 
#

DROP TABLE IF EXISTS `sys_obj_id`;

CREATE TABLE `sys_obj_id` (
  `id` INTEGER(11) UNSIGNED NOT NULL AUTO_INCREMENT,
  PRIMARY KEY (`id`)
)ENGINE=MyISAM
AUTO_INCREMENT=2970 ROW_FORMAT=FIXED CHARACTER SET 'utf8' COLLATE 'utf8_general_ci';

#
# Data for the `sys_obj_id` table  (LIMIT 0,500)
#

INSERT INTO `sys_obj_id` (`id`) VALUES 
  (1),
  (2),
  (3),
  (4),
  (5),
  (6),
  (7),
  (8),
  (9),
  (10),
  (11),
  (12),
  (13),
  (14),
  (15),
  (16),
  (17),
  (18),
  (19),
  (20),
  (21),
  (22),
  (23),
  (24),
  (25),
  (26),
  (27),
  (28),
  (29),
  (30),
  (31),
  (32),
  (33),
  (34),
  (35),
  (36),
  (37),
  (38),
  (39),
  (40),
  (41),
  (42),
  (43),
  (44),
  (45),
  (46),
  (47),
  (48),
  (49),
  (50),
  (51),
  (52),
  (53),
  (54),
  (55),
  (56),
  (57),
  (58),
  (59),
  (60),
  (61),
  (62),
  (63),
  (64),
  (65),
  (66),
  (67),
  (68),
  (69),
  (70),
  (71),
  (72),
  (73),
  (74),
  (75),
  (76),
  (77),
  (78),
  (79),
  (80),
  (81),
  (82),
  (83),
  (84),
  (85),
  (86),
  (87),
  (88),
  (89),
  (90),
  (91),
  (92),
  (93),
  (94),
  (95),
  (96),
  (97),
  (98),
  (99),
  (100),
  (101),
  (102),
  (103),
  (104),
  (105),
  (106),
  (107),
  (108),
  (109),
  (110),
  (111),
  (112),
  (113),
  (114),
  (115),
  (116),
  (117),
  (118),
  (119),
  (120),
  (121),
  (122),
  (123),
  (124),
  (125),
  (126),
  (127),
  (128),
  (129),
  (130),
  (131),
  (132),
  (133),
  (134),
  (135),
  (136),
  (137),
  (138),
  (139),
  (140),
  (141),
  (142),
  (143),
  (144),
  (145),
  (146),
  (147),
  (148),
  (149),
  (150),
  (151),
  (152),
  (153),
  (154),
  (155),
  (156),
  (157),
  (158),
  (159),
  (160),
  (161),
  (162),
  (163),
  (164),
  (165),
  (166),
  (167),
  (168),
  (169),
  (170),
  (171),
  (172),
  (173),
  (174),
  (175),
  (176),
  (177),
  (178),
  (179),
  (180),
  (181),
  (182),
  (183),
  (184),
  (185),
  (186),
  (187),
  (188),
  (189),
  (190),
  (191),
  (192),
  (193),
  (194),
  (195),
  (196),
  (197),
  (198),
  (199),
  (200),
  (201),
  (202),
  (203),
  (204),
  (205),
  (206),
  (207),
  (208),
  (209),
  (210),
  (211),
  (212),
  (213),
  (214),
  (215),
  (216),
  (217),
  (218),
  (219),
  (220),
  (221),
  (222),
  (223),
  (224),
  (225),
  (226),
  (227),
  (228),
  (229),
  (230),
  (231),
  (232),
  (233),
  (234),
  (235),
  (236),
  (237),
  (238),
  (239),
  (240),
  (241),
  (242),
  (243),
  (244),
  (245),
  (246),
  (247),
  (248),
  (249),
  (250),
  (251),
  (252),
  (253),
  (254),
  (255),
  (256),
  (257),
  (258),
  (259),
  (260),
  (261),
  (262),
  (263),
  (264),
  (265),
  (266),
  (267),
  (268),
  (269),
  (270),
  (271),
  (272),
  (273),
  (274),
  (275),
  (276),
  (277),
  (278),
  (279),
  (280),
  (281),
  (282),
  (283),
  (284),
  (285),
  (286),
  (287),
  (288),
  (289),
  (290),
  (291),
  (292),
  (293),
  (294),
  (295),
  (296),
  (297),
  (298),
  (299),
  (300),
  (301),
  (302),
  (303),
  (304),
  (305),
  (306),
  (307),
  (308),
  (309),
  (310),
  (311),
  (312),
  (313),
  (314),
  (315),
  (316),
  (317),
  (318),
  (319),
  (320),
  (321),
  (322),
  (323),
  (324),
  (325),
  (326),
  (327),
  (328),
  (329),
  (330),
  (331),
  (332),
  (333),
  (334),
  (335),
  (336),
  (337),
  (338),
  (339),
  (340),
  (341),
  (342),
  (343),
  (344),
  (345),
  (346),
  (347),
  (348),
  (349),
  (350),
  (351),
  (352),
  (353),
  (354),
  (355),
  (356),
  (357),
  (358),
  (359),
  (360),
  (361),
  (362),
  (363),
  (364),
  (365),
  (366),
  (367),
  (368),
  (369),
  (370),
  (371),
  (372),
  (373),
  (374),
  (375),
  (376),
  (377),
  (378),
  (379),
  (380),
  (381),
  (382),
  (383),
  (384),
  (385),
  (386),
  (387),
  (388),
  (389),
  (390),
  (391),
  (392),
  (393),
  (394),
  (395),
  (396),
  (397),
  (398),
  (399),
  (400),
  (401),
  (402),
  (403),
  (404),
  (405),
  (406),
  (407),
  (408),
  (409),
  (410),
  (411),
  (412),
  (413),
  (414),
  (415),
  (416),
  (417),
  (418),
  (419),
  (420),
  (421),
  (422),
  (423),
  (424),
  (425),
  (426),
  (427),
  (428),
  (429),
  (430),
  (431),
  (432),
  (433),
  (434),
  (435),
  (436),
  (437),
  (438),
  (439),
  (440),
  (441),
  (442),
  (443),
  (444),
  (445),
  (446),
  (447),
  (448),
  (449),
  (450),
  (451),
  (452),
  (453),
  (454),
  (455),
  (456),
  (457),
  (458),
  (459),
  (460),
  (461),
  (462),
  (463),
  (464),
  (465),
  (466),
  (467),
  (468),
  (469),
  (470),
  (471),
  (472),
  (473),
  (474),
  (475),
  (476),
  (477),
  (478),
  (479),
  (480),
  (481),
  (482),
  (483),
  (484),
  (485),
  (486),
  (487),
  (488),
  (489),
  (490),
  (491),
  (492),
  (493),
  (494),
  (495),
  (496),
  (497),
  (498),
  (499),
  (500);
COMMIT;

#
# Data for the `sys_obj_id` table  (LIMIT 500,500)
#

INSERT INTO `sys_obj_id` (`id`) VALUES 
  (501),
  (502),
  (503),
  (504),
  (505),
  (506),
  (507),
  (508),
  (509),
  (510),
  (511),
  (512),
  (513),
  (514),
  (515),
  (516),
  (517),
  (518),
  (519),
  (520),
  (521),
  (522),
  (523),
  (524),
  (525),
  (526),
  (527),
  (528),
  (529),
  (530),
  (531),
  (532),
  (533),
  (534),
  (535),
  (536),
  (537),
  (538),
  (539),
  (540),
  (541),
  (542),
  (543),
  (544),
  (545),
  (546),
  (547),
  (548),
  (549),
  (550),
  (551),
  (552),
  (553),
  (554),
  (555),
  (556),
  (557),
  (558),
  (559),
  (560),
  (561),
  (562),
  (563),
  (564),
  (565),
  (566),
  (567),
  (568),
  (569),
  (570),
  (571),
  (572),
  (573),
  (574),
  (575),
  (576),
  (577),
  (578),
  (579),
  (580),
  (581),
  (582),
  (583),
  (584),
  (585),
  (586),
  (587),
  (588),
  (589),
  (590),
  (591),
  (592),
  (593),
  (594),
  (595),
  (596),
  (597),
  (598),
  (599),
  (600),
  (601),
  (602),
  (603),
  (604),
  (605),
  (606),
  (607),
  (608),
  (609),
  (610),
  (611),
  (612),
  (613),
  (614),
  (615),
  (616),
  (617),
  (618),
  (619),
  (620),
  (621),
  (622),
  (623),
  (624),
  (625),
  (626),
  (627),
  (628),
  (629),
  (630),
  (631),
  (632),
  (633),
  (634),
  (635),
  (636),
  (637),
  (638),
  (639),
  (640),
  (641),
  (642),
  (643),
  (644),
  (645),
  (646),
  (647),
  (648),
  (649),
  (650),
  (651),
  (652),
  (653),
  (654),
  (655),
  (656),
  (657),
  (658),
  (659),
  (660),
  (661),
  (662),
  (663),
  (664),
  (665),
  (666),
  (667),
  (668),
  (669),
  (670),
  (671),
  (672),
  (673),
  (674),
  (675),
  (676),
  (677),
  (678),
  (679),
  (680),
  (681),
  (682),
  (683),
  (684),
  (685),
  (686),
  (687),
  (688),
  (689),
  (690),
  (691),
  (692),
  (693),
  (694),
  (695),
  (696),
  (697),
  (698),
  (699),
  (700),
  (701),
  (702),
  (703),
  (704),
  (705),
  (706),
  (707),
  (708),
  (709),
  (710),
  (711),
  (712),
  (713),
  (714),
  (715),
  (716),
  (717),
  (718),
  (719),
  (720),
  (721),
  (722),
  (723),
  (724),
  (725),
  (726),
  (727),
  (728),
  (729),
  (730),
  (731),
  (732),
  (733),
  (734),
  (735),
  (736),
  (737),
  (738),
  (739),
  (740),
  (741),
  (742),
  (743),
  (744),
  (745),
  (746),
  (747),
  (748),
  (749),
  (750),
  (751),
  (752),
  (753),
  (754),
  (755),
  (756),
  (757),
  (758),
  (759),
  (760),
  (761),
  (762),
  (763),
  (764),
  (765),
  (766),
  (767),
  (768),
  (769),
  (770),
  (771),
  (772),
  (773),
  (774),
  (775),
  (776),
  (777),
  (778),
  (779),
  (780),
  (781),
  (782),
  (783),
  (784),
  (785),
  (786),
  (787),
  (788),
  (789),
  (790),
  (791),
  (792),
  (793),
  (794),
  (795),
  (796),
  (797),
  (798),
  (799),
  (800),
  (801),
  (802),
  (803),
  (804),
  (805),
  (806),
  (807),
  (808),
  (809),
  (810),
  (811),
  (812),
  (813),
  (814),
  (815),
  (816),
  (817),
  (818),
  (819),
  (820),
  (821),
  (822),
  (823),
  (824),
  (825),
  (826),
  (827),
  (828),
  (829),
  (830),
  (831),
  (832),
  (833),
  (834),
  (835),
  (836),
  (837),
  (838),
  (839),
  (840),
  (841),
  (842),
  (843),
  (844),
  (845),
  (846),
  (847),
  (848),
  (849),
  (850),
  (851),
  (852),
  (853),
  (854),
  (855),
  (856),
  (857),
  (858),
  (859),
  (860),
  (861),
  (862),
  (863),
  (864),
  (865),
  (866),
  (867),
  (868),
  (869),
  (870),
  (871),
  (872),
  (873),
  (874),
  (875),
  (876),
  (877),
  (878),
  (879),
  (880),
  (881),
  (882),
  (883),
  (884),
  (885),
  (886),
  (887),
  (888),
  (889),
  (890),
  (891),
  (892),
  (893),
  (894),
  (895),
  (896),
  (897),
  (898),
  (899),
  (900),
  (901),
  (902),
  (903),
  (904),
  (905),
  (906),
  (907),
  (908),
  (909),
  (910),
  (911),
  (912),
  (913),
  (914),
  (915),
  (916),
  (917),
  (918),
  (919),
  (920),
  (921),
  (922),
  (923),
  (924),
  (925),
  (926),
  (927),
  (928),
  (929),
  (930),
  (931),
  (932),
  (933),
  (934),
  (935),
  (936),
  (937),
  (938),
  (939),
  (940),
  (941),
  (942),
  (943),
  (944),
  (945),
  (946),
  (947),
  (948),
  (949),
  (950),
  (951),
  (952),
  (953),
  (954),
  (955),
  (956),
  (957),
  (958),
  (959),
  (960),
  (961),
  (962),
  (963),
  (964),
  (965),
  (966),
  (967),
  (968),
  (969),
  (970),
  (971),
  (972),
  (973),
  (974),
  (975),
  (976),
  (977),
  (978),
  (979),
  (980),
  (981),
  (982),
  (983),
  (984),
  (985),
  (986),
  (987),
  (988),
  (989),
  (990),
  (991),
  (992),
  (993),
  (994),
  (995),
  (996),
  (997),
  (998),
  (999),
  (1000);
COMMIT;

#
# Data for the `sys_obj_id` table  (LIMIT 1000,500)
#

INSERT INTO `sys_obj_id` (`id`) VALUES 
  (1001),
  (1002),
  (1003),
  (1004),
  (1005),
  (1006),
  (1007),
  (1008),
  (1009),
  (1010),
  (1011),
  (1012),
  (1013),
  (1014),
  (1015),
  (1016),
  (1017),
  (1018),
  (1019),
  (1020),
  (1021),
  (1022),
  (1023),
  (1024),
  (1025),
  (1026),
  (1027),
  (1028),
  (1029),
  (1030),
  (1031),
  (1032),
  (1033),
  (1034),
  (1035),
  (1036),
  (1037),
  (1038),
  (1039),
  (1040),
  (1041),
  (1042),
  (1043),
  (1044),
  (1045),
  (1046),
  (1047),
  (1048),
  (1049),
  (1050),
  (1051),
  (1052),
  (1053),
  (1054),
  (1055),
  (1056),
  (1057),
  (1058),
  (1059),
  (1060),
  (1061),
  (1062),
  (1063),
  (1064),
  (1065),
  (1066),
  (1067),
  (1068),
  (1069),
  (1070),
  (1071),
  (1072),
  (1073),
  (1074),
  (1075),
  (1076),
  (1077),
  (1078),
  (1079),
  (1080),
  (1081),
  (1082),
  (1083),
  (1084),
  (1085),
  (1086),
  (1087),
  (1088),
  (1089),
  (1090),
  (1091),
  (1092),
  (1093),
  (1094),
  (1095),
  (1096),
  (1097),
  (1098),
  (1099),
  (1100),
  (1101),
  (1102),
  (1103),
  (1104),
  (1105),
  (1106),
  (1107),
  (1108),
  (1109),
  (1110),
  (1111),
  (1112),
  (1113),
  (1114),
  (1115),
  (1116),
  (1117),
  (1118),
  (1119),
  (1120),
  (1121),
  (1122),
  (1123),
  (1124),
  (1125),
  (1126),
  (1127),
  (1128),
  (1129),
  (1130),
  (1131),
  (1132),
  (1133),
  (1134),
  (1135),
  (1136),
  (1137),
  (1138),
  (1139),
  (1140),
  (1141),
  (1142),
  (1143),
  (1144),
  (1145),
  (1146),
  (1147),
  (1148),
  (1149),
  (1150),
  (1151),
  (1152),
  (1153),
  (1154),
  (1155),
  (1156),
  (1157),
  (1158),
  (1159),
  (1160),
  (1161),
  (1162),
  (1163),
  (1164),
  (1165),
  (1166),
  (1167),
  (1168),
  (1169),
  (1170),
  (1171),
  (1172),
  (1173),
  (1174),
  (1175),
  (1176),
  (1177),
  (1178),
  (1179),
  (1180),
  (1181),
  (1182),
  (1183),
  (1184),
  (1185),
  (1186),
  (1187),
  (1188),
  (1189),
  (1190),
  (1191),
  (1192),
  (1193),
  (1194),
  (1195),
  (1196),
  (1197),
  (1198),
  (1199),
  (1200),
  (1201),
  (1202),
  (1203),
  (1204),
  (1205),
  (1206),
  (1207),
  (1208),
  (1209),
  (1210),
  (1211),
  (1212),
  (1213),
  (1214),
  (1215),
  (1216),
  (1217),
  (1218),
  (1219),
  (1220),
  (1221),
  (1222),
  (1223),
  (1224),
  (1225),
  (1226),
  (1227),
  (1228),
  (1229),
  (1230),
  (1231),
  (1232),
  (1233),
  (1234),
  (1235),
  (1236),
  (1237),
  (1238),
  (1239),
  (1240),
  (1241),
  (1242),
  (1243),
  (1244),
  (1245),
  (1246),
  (1247),
  (1248),
  (1249),
  (1250),
  (1251),
  (1252),
  (1253),
  (1254),
  (1255),
  (1256),
  (1257),
  (1258),
  (1259),
  (1260),
  (1261),
  (1262),
  (1263),
  (1264),
  (1265),
  (1266),
  (1267),
  (1268),
  (1269),
  (1270),
  (1271),
  (1272),
  (1273),
  (1274),
  (1275),
  (1276),
  (1277),
  (1278),
  (1279),
  (1280),
  (1281),
  (1282),
  (1283),
  (1284),
  (1285),
  (1286),
  (1287),
  (1288),
  (1289),
  (1290),
  (1291),
  (1292),
  (1293),
  (1294),
  (1295),
  (1296),
  (1297),
  (1298),
  (1299),
  (1300),
  (1301),
  (1302),
  (1303),
  (1304),
  (1305),
  (1306),
  (1307),
  (1308),
  (1309),
  (1310),
  (1311),
  (1312),
  (1313),
  (1314),
  (1315),
  (1316),
  (1317),
  (1318),
  (1319),
  (1320),
  (1321),
  (1322),
  (1323),
  (1324),
  (1325),
  (1326),
  (1327),
  (1328),
  (1329),
  (1330),
  (1331),
  (1332),
  (1333),
  (1334),
  (1335),
  (1336),
  (1337),
  (1338),
  (1339),
  (1340),
  (1341),
  (1342),
  (1343),
  (1344),
  (1345),
  (1346),
  (1347),
  (1348),
  (1349),
  (1350),
  (1351),
  (1352),
  (1353),
  (1354),
  (1355),
  (1356),
  (1357),
  (1358),
  (1359),
  (1360),
  (1361),
  (1362),
  (1363),
  (1364),
  (1365),
  (1366),
  (1367),
  (1368),
  (1369),
  (1370),
  (1371),
  (1372),
  (1373),
  (1374),
  (1375),
  (1376),
  (1377),
  (1378),
  (1379),
  (1380),
  (1381),
  (1382),
  (1383),
  (1384),
  (1385),
  (1386),
  (1387),
  (1388),
  (1389),
  (1390),
  (1391),
  (1392),
  (1393),
  (1394),
  (1395),
  (1396),
  (1397),
  (1398),
  (1399),
  (1400),
  (1401),
  (1402),
  (1403),
  (1404),
  (1405),
  (1406),
  (1407),
  (1408),
  (1409),
  (1410),
  (1411),
  (1412),
  (1413),
  (1414),
  (1415),
  (1416),
  (1417),
  (1418),
  (1419),
  (1420),
  (1421),
  (1422),
  (1423),
  (1424),
  (1425),
  (1426),
  (1427),
  (1428),
  (1429),
  (1430),
  (1431),
  (1432),
  (1433),
  (1434),
  (1435),
  (1436),
  (1437),
  (1438),
  (1439),
  (1440),
  (1441),
  (1442),
  (1443),
  (1444),
  (1445),
  (1446),
  (1447),
  (1448),
  (1449),
  (1450),
  (1451),
  (1452),
  (1453),
  (1454),
  (1455),
  (1456),
  (1457),
  (1458),
  (1459),
  (1460),
  (1461),
  (1462),
  (1463),
  (1464),
  (1465),
  (1466),
  (1467),
  (1468),
  (1469),
  (1470),
  (1471),
  (1472),
  (1473),
  (1474),
  (1475),
  (1476),
  (1477),
  (1478),
  (1479),
  (1480),
  (1481),
  (1482),
  (1483),
  (1484),
  (1485),
  (1486),
  (1487),
  (1488),
  (1489),
  (1490),
  (1491),
  (1492),
  (1493),
  (1494),
  (1495),
  (1496),
  (1497),
  (1498),
  (1499),
  (1500);
COMMIT;

#
# Data for the `sys_obj_id` table  (LIMIT 1500,500)
#

INSERT INTO `sys_obj_id` (`id`) VALUES 
  (1501),
  (1502),
  (1503),
  (1504),
  (1505),
  (1506),
  (1507),
  (1508),
  (1509),
  (1510),
  (1511),
  (1512),
  (1513),
  (1514),
  (1515),
  (1516),
  (1517),
  (1518),
  (1519),
  (1520),
  (1521),
  (1522),
  (1523),
  (1524),
  (1525),
  (1526),
  (1527),
  (1528),
  (1529),
  (1530),
  (1531),
  (1532),
  (1533),
  (1534),
  (1535),
  (1536),
  (1537),
  (1538),
  (1539),
  (1540),
  (1541),
  (1542),
  (1543),
  (1544),
  (1545),
  (1546),
  (1547),
  (1548),
  (1549),
  (1550),
  (1551),
  (1552),
  (1553),
  (1554),
  (1555),
  (1556),
  (1557),
  (1558),
  (1559),
  (1560),
  (1561),
  (1562),
  (1563),
  (1564),
  (1565),
  (1566),
  (1567),
  (1568),
  (1569),
  (1570),
  (1571),
  (1572),
  (1573),
  (1574),
  (1575),
  (1576),
  (1577),
  (1578),
  (1579),
  (1580),
  (1581),
  (1582),
  (1583),
  (1584),
  (1585),
  (1586),
  (1587),
  (1588),
  (1589),
  (1590),
  (1591),
  (1592),
  (1593),
  (1594),
  (1595),
  (1596),
  (1597),
  (1598),
  (1599),
  (1600),
  (1601),
  (1602),
  (1603),
  (1604),
  (1605),
  (1606),
  (1607),
  (1608),
  (1609),
  (1610),
  (1611),
  (1612),
  (1613),
  (1614),
  (1615),
  (1616),
  (1617),
  (1618),
  (1619),
  (1620),
  (1621),
  (1622),
  (1623),
  (1624),
  (1625),
  (1626),
  (1627),
  (1628),
  (1629),
  (1630),
  (1631),
  (1632),
  (1633),
  (1634),
  (1635),
  (1636),
  (1637),
  (1638),
  (1639),
  (1640),
  (1641),
  (1642),
  (1643),
  (1644),
  (1645),
  (1646),
  (1647),
  (1648),
  (1649),
  (1650),
  (1651),
  (1652),
  (1653),
  (1654),
  (1655),
  (1656),
  (1657),
  (1658),
  (1659),
  (1660),
  (1661),
  (1662),
  (1663),
  (1664),
  (1665),
  (1666),
  (1667),
  (1668),
  (1669),
  (1670),
  (1671),
  (1672),
  (1673),
  (1674),
  (1675),
  (1676),
  (1677),
  (1678),
  (1679),
  (1680),
  (1681),
  (1682),
  (1683),
  (1684),
  (1685),
  (1686),
  (1687),
  (1688),
  (1689),
  (1690),
  (1691),
  (1692),
  (1693),
  (1694),
  (1695),
  (1696),
  (1697),
  (1698),
  (1699),
  (1700),
  (1701),
  (1702),
  (1703),
  (1704),
  (1705),
  (1706),
  (1707),
  (1708),
  (1709),
  (1710),
  (1711),
  (1712),
  (1713),
  (1714),
  (1715),
  (1716),
  (1717),
  (1718),
  (1719),
  (1720),
  (1721),
  (1722),
  (1723),
  (1724),
  (1725),
  (1726),
  (1727),
  (1728),
  (1729),
  (1730),
  (1731),
  (1732),
  (1733),
  (1734),
  (1735),
  (1736),
  (1737),
  (1738),
  (1739),
  (1740),
  (1741),
  (1742),
  (1743),
  (1744),
  (1745),
  (1746),
  (1747),
  (1748),
  (1749),
  (1750),
  (1751),
  (1752),
  (1753),
  (1754),
  (1755),
  (1756),
  (1757),
  (1758),
  (1759),
  (1760),
  (1761),
  (1762),
  (1763),
  (1764),
  (1765),
  (1766),
  (1767),
  (1768),
  (1769),
  (1770),
  (1771),
  (1772),
  (1773),
  (1774),
  (1775),
  (1776),
  (1777),
  (1778),
  (1779),
  (1780),
  (1781),
  (1782),
  (1783),
  (1784),
  (1785),
  (1786),
  (1787),
  (1788),
  (1789),
  (1790),
  (1791),
  (1792),
  (1793),
  (1794),
  (1795),
  (1796),
  (1797),
  (1798),
  (1799),
  (1800),
  (1801),
  (1802),
  (1803),
  (1804),
  (1805),
  (1806),
  (1807),
  (1808),
  (1809),
  (1810),
  (1811),
  (1812),
  (1813),
  (1814),
  (1815),
  (1816),
  (1817),
  (1818),
  (1819),
  (1820),
  (1821),
  (1822),
  (1823),
  (1824),
  (1825),
  (1826),
  (1827),
  (1828),
  (1829),
  (1830),
  (1831),
  (1832),
  (1833),
  (1834),
  (1835),
  (1836),
  (1837),
  (1838),
  (1839),
  (1840),
  (1841),
  (1842),
  (1843),
  (1844),
  (1845),
  (1846),
  (1847),
  (1848),
  (1849),
  (1850),
  (1851),
  (1852),
  (1853),
  (1854),
  (1855),
  (1856),
  (1857),
  (1858),
  (1859),
  (1860),
  (1861),
  (1862),
  (1863),
  (1864),
  (1865),
  (1866),
  (1867),
  (1868),
  (1869),
  (1870),
  (1871),
  (1872),
  (1873),
  (1874),
  (1875),
  (1876),
  (1877),
  (1878),
  (1879),
  (1880),
  (1881),
  (1882),
  (1883),
  (1884),
  (1885),
  (1886),
  (1887),
  (1888),
  (1889),
  (1890),
  (1891),
  (1892),
  (1893),
  (1894),
  (1895),
  (1896),
  (1897),
  (1898),
  (1899),
  (1900),
  (1901),
  (1902),
  (1903),
  (1904),
  (1905),
  (1906),
  (1907),
  (1908),
  (1909),
  (1910),
  (1911),
  (1912),
  (1913),
  (1914),
  (1915),
  (1916),
  (1917),
  (1918),
  (1919),
  (1920),
  (1921),
  (1922),
  (1923),
  (1924),
  (1925),
  (1926),
  (1927),
  (1928),
  (1929),
  (1930),
  (1931),
  (1932),
  (1933),
  (1934),
  (1935),
  (1936),
  (1937),
  (1938),
  (1939),
  (1940),
  (1941),
  (1942),
  (1943),
  (1944),
  (1945),
  (1946),
  (1947),
  (1948),
  (1949),
  (1950),
  (1951),
  (1952),
  (1953),
  (1954),
  (1955),
  (1956),
  (1957),
  (1958),
  (1959),
  (1960),
  (1961),
  (1962),
  (1963),
  (1964),
  (1965),
  (1966),
  (1967),
  (1968),
  (1969),
  (1970),
  (1971),
  (1972),
  (1973),
  (1974),
  (1975),
  (1976),
  (1977),
  (1978),
  (1979),
  (1980),
  (1981),
  (1982),
  (1983),
  (1984),
  (1985),
  (1986),
  (1987),
  (1988),
  (1989),
  (1990),
  (1991),
  (1992),
  (1993),
  (1994),
  (1995),
  (1996),
  (1997),
  (1998),
  (1999),
  (2000);
COMMIT;

#
# Data for the `sys_obj_id` table  (LIMIT 2000,500)
#

INSERT INTO `sys_obj_id` (`id`) VALUES 
  (2001),
  (2002),
  (2003),
  (2004),
  (2005),
  (2006),
  (2007),
  (2008),
  (2009),
  (2010),
  (2011),
  (2012),
  (2013),
  (2014),
  (2015),
  (2016),
  (2017),
  (2018),
  (2019),
  (2020),
  (2021),
  (2022),
  (2023),
  (2024),
  (2025),
  (2026),
  (2027),
  (2028),
  (2029),
  (2030),
  (2031),
  (2032),
  (2033),
  (2034),
  (2035),
  (2036),
  (2037),
  (2038),
  (2039),
  (2040),
  (2041),
  (2042),
  (2043),
  (2044),
  (2045),
  (2046),
  (2047),
  (2048),
  (2049),
  (2050),
  (2051),
  (2052),
  (2053),
  (2054),
  (2055),
  (2056),
  (2057),
  (2058),
  (2059),
  (2060),
  (2061),
  (2062),
  (2063),
  (2064),
  (2065),
  (2066),
  (2067),
  (2068),
  (2069),
  (2070),
  (2071),
  (2072),
  (2073),
  (2074),
  (2075),
  (2076),
  (2077),
  (2078),
  (2079),
  (2080),
  (2081),
  (2082),
  (2083),
  (2084),
  (2085),
  (2086),
  (2087),
  (2088),
  (2089),
  (2090),
  (2091),
  (2092),
  (2093),
  (2094),
  (2095),
  (2096),
  (2097),
  (2098),
  (2099),
  (2100),
  (2101),
  (2102),
  (2103),
  (2104),
  (2105),
  (2106),
  (2107),
  (2108),
  (2109),
  (2110),
  (2111),
  (2112),
  (2113),
  (2114),
  (2115),
  (2116),
  (2117),
  (2118),
  (2119),
  (2120),
  (2121),
  (2122),
  (2123),
  (2124),
  (2125),
  (2126),
  (2127),
  (2128),
  (2129),
  (2130),
  (2131),
  (2132),
  (2133),
  (2134),
  (2135),
  (2136),
  (2137),
  (2138),
  (2139),
  (2140),
  (2141),
  (2142),
  (2143),
  (2144),
  (2145),
  (2146),
  (2147),
  (2148),
  (2149),
  (2150),
  (2151),
  (2152),
  (2153),
  (2154),
  (2155),
  (2156),
  (2157),
  (2158),
  (2159),
  (2160),
  (2161),
  (2162),
  (2163),
  (2164),
  (2165),
  (2166),
  (2167),
  (2168),
  (2169),
  (2170),
  (2171),
  (2172),
  (2173),
  (2174),
  (2175),
  (2176),
  (2177),
  (2178),
  (2179),
  (2180),
  (2181),
  (2182),
  (2183),
  (2184),
  (2185),
  (2186),
  (2187),
  (2188),
  (2189),
  (2190),
  (2191),
  (2192),
  (2193),
  (2194),
  (2195),
  (2196),
  (2197),
  (2198),
  (2199),
  (2200),
  (2201),
  (2202),
  (2203),
  (2204),
  (2205),
  (2206),
  (2207),
  (2208),
  (2209),
  (2210),
  (2211),
  (2212),
  (2213),
  (2214),
  (2215),
  (2216),
  (2217),
  (2218),
  (2219),
  (2220),
  (2221),
  (2222),
  (2223),
  (2224),
  (2225),
  (2226),
  (2227),
  (2228),
  (2229),
  (2230),
  (2231),
  (2232),
  (2233),
  (2234),
  (2235),
  (2236),
  (2237),
  (2238),
  (2239),
  (2240),
  (2241),
  (2242),
  (2243),
  (2244),
  (2245),
  (2246),
  (2247),
  (2248),
  (2249),
  (2250),
  (2251),
  (2252),
  (2253),
  (2254),
  (2255),
  (2256),
  (2257),
  (2258),
  (2259),
  (2260),
  (2261),
  (2262),
  (2263),
  (2264),
  (2265),
  (2266),
  (2267),
  (2268),
  (2269),
  (2270),
  (2271),
  (2272),
  (2273),
  (2274),
  (2275),
  (2276),
  (2277),
  (2278),
  (2279),
  (2280),
  (2281),
  (2282),
  (2283),
  (2284),
  (2285),
  (2286),
  (2287),
  (2288),
  (2289),
  (2290),
  (2291),
  (2292),
  (2293),
  (2294),
  (2295),
  (2296),
  (2297),
  (2298),
  (2299),
  (2300),
  (2301),
  (2302),
  (2303),
  (2304),
  (2305),
  (2306),
  (2307),
  (2308),
  (2309),
  (2310),
  (2311),
  (2312),
  (2313),
  (2314),
  (2315),
  (2316),
  (2317),
  (2318),
  (2319),
  (2320),
  (2321),
  (2322),
  (2323),
  (2324),
  (2325),
  (2326),
  (2327),
  (2328),
  (2329),
  (2330),
  (2331),
  (2332),
  (2333),
  (2334),
  (2335),
  (2336),
  (2337),
  (2338),
  (2339),
  (2340),
  (2341),
  (2342),
  (2343),
  (2344),
  (2345),
  (2346),
  (2347),
  (2348),
  (2349),
  (2350),
  (2351),
  (2352),
  (2353),
  (2354),
  (2355),
  (2356),
  (2357),
  (2358),
  (2359),
  (2360),
  (2361),
  (2362),
  (2363),
  (2364),
  (2365),
  (2366),
  (2367),
  (2368),
  (2369),
  (2370),
  (2371),
  (2372),
  (2373),
  (2374),
  (2375),
  (2376),
  (2377),
  (2378),
  (2379),
  (2380),
  (2381),
  (2382),
  (2383),
  (2384),
  (2385),
  (2386),
  (2387),
  (2388),
  (2389),
  (2390),
  (2391),
  (2392),
  (2393),
  (2394),
  (2395),
  (2396),
  (2397),
  (2398),
  (2399),
  (2400),
  (2401),
  (2402),
  (2403),
  (2404),
  (2405),
  (2406),
  (2407),
  (2408),
  (2409),
  (2410),
  (2411),
  (2412),
  (2413),
  (2414),
  (2415),
  (2416),
  (2417),
  (2418),
  (2419),
  (2420),
  (2421),
  (2422),
  (2423),
  (2424),
  (2425),
  (2426),
  (2427),
  (2428),
  (2429),
  (2430),
  (2431),
  (2432),
  (2433),
  (2434),
  (2435),
  (2436),
  (2437),
  (2438),
  (2439),
  (2440),
  (2441),
  (2442),
  (2443),
  (2444),
  (2445),
  (2446),
  (2447),
  (2448),
  (2449),
  (2450),
  (2451),
  (2452),
  (2453),
  (2454),
  (2455),
  (2456),
  (2457),
  (2458),
  (2459),
  (2460),
  (2461),
  (2462),
  (2463),
  (2464),
  (2465),
  (2466),
  (2467),
  (2468),
  (2469),
  (2470),
  (2471),
  (2472),
  (2473),
  (2474),
  (2475),
  (2476),
  (2477),
  (2478),
  (2479),
  (2480),
  (2481),
  (2482),
  (2483),
  (2484),
  (2485),
  (2486),
  (2487),
  (2488),
  (2489),
  (2490),
  (2491),
  (2492),
  (2493),
  (2494),
  (2495),
  (2496),
  (2497),
  (2498),
  (2499),
  (2500);
COMMIT;

#
# Data for the `sys_obj_id` table  (LIMIT 2500,500)
#

INSERT INTO `sys_obj_id` (`id`) VALUES 
  (2501),
  (2502),
  (2503),
  (2504),
  (2505),
  (2506),
  (2507),
  (2508),
  (2509),
  (2510),
  (2511),
  (2512),
  (2513),
  (2514),
  (2515),
  (2516),
  (2517),
  (2518),
  (2519),
  (2520),
  (2521),
  (2522),
  (2523),
  (2524),
  (2525),
  (2526),
  (2527),
  (2528),
  (2529),
  (2530),
  (2531),
  (2532),
  (2533),
  (2534),
  (2535),
  (2536),
  (2537),
  (2538),
  (2539),
  (2540),
  (2541),
  (2542),
  (2543),
  (2544),
  (2545),
  (2546),
  (2547),
  (2548),
  (2549),
  (2550),
  (2551),
  (2552),
  (2553),
  (2554),
  (2555),
  (2556),
  (2557),
  (2558),
  (2559),
  (2560),
  (2561),
  (2562),
  (2563),
  (2564),
  (2565),
  (2566),
  (2567),
  (2568),
  (2569),
  (2570),
  (2571),
  (2572),
  (2573),
  (2574),
  (2575),
  (2576),
  (2577),
  (2578),
  (2579),
  (2580),
  (2581),
  (2582),
  (2583),
  (2584),
  (2585),
  (2586),
  (2587),
  (2588),
  (2589),
  (2590),
  (2591),
  (2592),
  (2593),
  (2594),
  (2595),
  (2596),
  (2597),
  (2598),
  (2599),
  (2600),
  (2601),
  (2602),
  (2603),
  (2604),
  (2605),
  (2606),
  (2607),
  (2608),
  (2609),
  (2610),
  (2611),
  (2612),
  (2613),
  (2614),
  (2615),
  (2616),
  (2617),
  (2618),
  (2619),
  (2620),
  (2621),
  (2622),
  (2623),
  (2624),
  (2625),
  (2626),
  (2627),
  (2628),
  (2629),
  (2630),
  (2631),
  (2632),
  (2633),
  (2634),
  (2635),
  (2636),
  (2637),
  (2638),
  (2639),
  (2640),
  (2641),
  (2642),
  (2643),
  (2644),
  (2645),
  (2646),
  (2647),
  (2648),
  (2649),
  (2650),
  (2651),
  (2652),
  (2653),
  (2654),
  (2655),
  (2656),
  (2657),
  (2658),
  (2659),
  (2660),
  (2661),
  (2662),
  (2663),
  (2664),
  (2665),
  (2666),
  (2667),
  (2668),
  (2669),
  (2670),
  (2671),
  (2672),
  (2673),
  (2674),
  (2675),
  (2676),
  (2677),
  (2678),
  (2679),
  (2680),
  (2681),
  (2682),
  (2683),
  (2684),
  (2685),
  (2686),
  (2687),
  (2688),
  (2689),
  (2690),
  (2691),
  (2692),
  (2693),
  (2694),
  (2695),
  (2696),
  (2697),
  (2698),
  (2699),
  (2700),
  (2701),
  (2702),
  (2703),
  (2704),
  (2705),
  (2706),
  (2707),
  (2708),
  (2709),
  (2710),
  (2711),
  (2712),
  (2713),
  (2714),
  (2715),
  (2716),
  (2717),
  (2718),
  (2719),
  (2720),
  (2721),
  (2722),
  (2723),
  (2724),
  (2725),
  (2726),
  (2727),
  (2728),
  (2729),
  (2730),
  (2731),
  (2732),
  (2733),
  (2734),
  (2735),
  (2736),
  (2737),
  (2738),
  (2739),
  (2740),
  (2741),
  (2742),
  (2743),
  (2744),
  (2745),
  (2746),
  (2747),
  (2748),
  (2749),
  (2750),
  (2751),
  (2752),
  (2753),
  (2754),
  (2755),
  (2756),
  (2757),
  (2758),
  (2759),
  (2760),
  (2761),
  (2762),
  (2763),
  (2764),
  (2765),
  (2766),
  (2767),
  (2768),
  (2769),
  (2770),
  (2771),
  (2772),
  (2773),
  (2774),
  (2775),
  (2776),
  (2777),
  (2778),
  (2779),
  (2780),
  (2781),
  (2782),
  (2783),
  (2784),
  (2785),
  (2786),
  (2787),
  (2788),
  (2789),
  (2790),
  (2791),
  (2792),
  (2793),
  (2794),
  (2795),
  (2796),
  (2797),
  (2798),
  (2799),
  (2800),
  (2801),
  (2802),
  (2803),
  (2804),
  (2805),
  (2806),
  (2807),
  (2808),
  (2809),
  (2810),
  (2811),
  (2812),
  (2813),
  (2814),
  (2815),
  (2816),
  (2817),
  (2818),
  (2819),
  (2820),
  (2821),
  (2822),
  (2823),
  (2824),
  (2825),
  (2826),
  (2827),
  (2828),
  (2829),
  (2830),
  (2831),
  (2832),
  (2833),
  (2834),
  (2835),
  (2836),
  (2837),
  (2838),
  (2839),
  (2840),
  (2841),
  (2842),
  (2843),
  (2844),
  (2845),
  (2846),
  (2847),
  (2848),
  (2849),
  (2850),
  (2851),
  (2852),
  (2853),
  (2854),
  (2855),
  (2856),
  (2857),
  (2858),
  (2859),
  (2860),
  (2861),
  (2862),
  (2863),
  (2864),
  (2865),
  (2866),
  (2867),
  (2868),
  (2869),
  (2870),
  (2871),
  (2872),
  (2873),
  (2874),
  (2875),
  (2876),
  (2877),
  (2878),
  (2879),
  (2880),
  (2881),
  (2882),
  (2883),
  (2884),
  (2885),
  (2886),
  (2887),
  (2888),
  (2889),
  (2890),
  (2891),
  (2892),
  (2893),
  (2894),
  (2895),
  (2896),
  (2897),
  (2898),
  (2899),
  (2900),
  (2901),
  (2902),
  (2903),
  (2904),
  (2905),
  (2906),
  (2907),
  (2908),
  (2909),
  (2910),
  (2911),
  (2912),
  (2913),
  (2914),
  (2915),
  (2916),
  (2917),
  (2918),
  (2919),
  (2920),
  (2921),
  (2922),
  (2923),
  (2924),
  (2925),
  (2926),
  (2927),
  (2928),
  (2929),
  (2930),
  (2931),
  (2932),
  (2933),
  (2934),
  (2935),
  (2936),
  (2937),
  (2938),
  (2939),
  (2940),
  (2941),
  (2942),
  (2943),
  (2944),
  (2945),
  (2946),
  (2947),
  (2948),
  (2949),
  (2950),
  (2951),
  (2952),
  (2953),
  (2954),
  (2955),
  (2956),
  (2957),
  (2958),
  (2959),
  (2960),
  (2961),
  (2962),
  (2963),
  (2964),
  (2965),
  (2966),
  (2967),
  (2968),
  (2969);
COMMIT;

#
# Structure for the `sys_obj_id_named` table : 
#

DROP TABLE IF EXISTS `sys_obj_id_named`;

CREATE TABLE `sys_obj_id_named` (
  `obj_id` INTEGER(11) UNSIGNED NOT NULL AUTO_INCREMENT,
  `name` CHAR(255) COLLATE utf8_general_ci DEFAULT NULL,
  PRIMARY KEY (`obj_id`),
  UNIQUE KEY `name` (`name`)
)ENGINE=MyISAM
AUTO_INCREMENT=738 ROW_FORMAT=FIXED CHARACTER SET 'utf8' COLLATE 'utf8_general_ci';

#
# Data for the `sys_obj_id_named` table  (LIMIT 0,500)
#

INSERT INTO `sys_obj_id_named` (`obj_id`, `name`) VALUES 
  (1,'access_admin_admin'),
  (2,'access_sys_access'),
  (3,'access_captcha_captcha'),
  (4,'access_comments_comments'),
  (5,'access_fileManager_file'),
  (6,'access_page_page'),
  (7,'access_quoter_quoteFolder'),
  (8,'access_tags_tagsItem'),
  (9,'access_user_userFolder'),
  (27,'user_userFolder'),
  (28,'user_groupFolder'),
  (737,'quoter_quoteFolder');
COMMIT;

#
# Structure for the `sys_sections` table : 
#

DROP TABLE IF EXISTS `sys_sections`;

CREATE TABLE `sys_sections` (
  `id` INTEGER(11) NOT NULL AUTO_INCREMENT,
  `name` CHAR(255) COLLATE utf8_general_ci DEFAULT NULL,
  `title` CHAR(255) COLLATE utf8_general_ci DEFAULT NULL,
  `order` INTEGER(11) DEFAULT NULL,
  PRIMARY KEY (`id`),
  UNIQUE KEY `name` (`name`, `id`)
)ENGINE=MyISAM
AUTO_INCREMENT=21 ROW_FORMAT=FIXED CHARACTER SET 'utf8' COLLATE 'utf8_general_ci';

#
# Data for the `sys_sections` table  (LIMIT 0,500)
#

INSERT INTO `sys_sections` (`id`, `name`, `title`, `order`) VALUES 
  (2,'user','Пользователи',80),
  (4,'page','Страницы',60),
  (6,'sys','Системное',0),
  (7,'admin','Администрирование',10),
  (8,'comments','Комментарии',30),
  (9,'fileManager','Менеджер файлов',40),
  (17,'tags',NULL,NULL),
  (18,'captcha',NULL,NULL),
  (20,'quoter','Цитатник',0);
COMMIT;

#
# Structure for the `sys_skins` table : 
#

DROP TABLE IF EXISTS `sys_skins`;

CREATE TABLE `sys_skins` (
  `id` INTEGER(11) UNSIGNED NOT NULL AUTO_INCREMENT,
  `name` CHAR(32) COLLATE utf8_general_ci DEFAULT NULL,
  `title` CHAR(32) COLLATE utf8_general_ci DEFAULT NULL,
  PRIMARY KEY (`id`)
)ENGINE=MyISAM
AUTO_INCREMENT=3 ROW_FORMAT=FIXED CHARACTER SET 'utf8' COLLATE 'utf8_general_ci';

#
# Data for the `sys_skins` table  (LIMIT 0,500)
#

INSERT INTO `sys_skins` (`id`, `name`, `title`) VALUES 
  (1,'default','default'),
  (2,'light','light');
COMMIT;

#
# Structure for the `tags_item_rel` table : 
#

DROP TABLE IF EXISTS `tags_item_rel`;

CREATE TABLE `tags_item_rel` (
  `id` INTEGER(10) UNSIGNED NOT NULL AUTO_INCREMENT,
  `tag_id` INTEGER(10) UNSIGNED DEFAULT NULL,
  `item_id` INTEGER(10) UNSIGNED DEFAULT NULL,
  `obj_id` INTEGER(10) UNSIGNED DEFAULT NULL,
  PRIMARY KEY (`id`),
  KEY `item_id` (`item_id`)
)ENGINE=MyISAM
AUTO_INCREMENT=1 ROW_FORMAT=FIXED CHARACTER SET 'utf8' COLLATE 'utf8_general_ci';

#
# Structure for the `tags_tagCoords` table : 
#

DROP TABLE IF EXISTS `tags_tagCoords`;

CREATE TABLE `tags_tagCoords` (
  `rel_id` INTEGER(10) UNSIGNED NOT NULL,
  `x` INTEGER(11) NOT NULL,
  `y` INTEGER(11) NOT NULL,
  `w` INTEGER(11) NOT NULL,
  `h` INTEGER(11) NOT NULL,
  PRIMARY KEY (`rel_id`)
)ENGINE=MyISAM
ROW_FORMAT=FIXED CHARACTER SET 'utf8' COLLATE 'utf8_general_ci';

#
# Structure for the `tags_tags` table : 
#

DROP TABLE IF EXISTS `tags_tags`;

CREATE TABLE `tags_tags` (
  `id` INTEGER(10) UNSIGNED NOT NULL AUTO_INCREMENT,
  `tag` VARCHAR(255) COLLATE utf8_general_ci DEFAULT NULL,
  `obj_id` INTEGER(10) UNSIGNED DEFAULT NULL,
  PRIMARY KEY (`id`)
)ENGINE=MyISAM
AUTO_INCREMENT=1 CHARACTER SET 'utf8' COLLATE 'utf8_general_ci';

#
# Structure for the `tags_tagsItem` table : 
#

DROP TABLE IF EXISTS `tags_tagsItem`;

CREATE TABLE `tags_tagsItem` (
  `id` INTEGER(10) UNSIGNED NOT NULL AUTO_INCREMENT,
  `item_obj_id` INTEGER(10) UNSIGNED DEFAULT NULL,
  `obj_id` INTEGER(10) UNSIGNED DEFAULT NULL,
  `owner` INTEGER(10) UNSIGNED DEFAULT NULL,
  PRIMARY KEY (`id`)
)ENGINE=MyISAM
AUTO_INCREMENT=1 ROW_FORMAT=FIXED CHARACTER SET 'utf8' COLLATE 'utf8_general_ci';

#
# Structure for the `user_group` table : 
#

DROP TABLE IF EXISTS `user_group`;

CREATE TABLE `user_group` (
  `id` INTEGER(11) NOT NULL AUTO_INCREMENT,
  `obj_id` INTEGER(10) UNSIGNED NOT NULL DEFAULT '0',
  `name` CHAR(255) COLLATE utf8_general_ci DEFAULT NULL,
  `is_default` TINYINT(4) DEFAULT NULL,
  PRIMARY KEY (`id`)
)ENGINE=MyISAM
AUTO_INCREMENT=5 ROW_FORMAT=FIXED CHARACTER SET 'utf8' COLLATE 'utf8_general_ci';

#
# Data for the `user_group` table  (LIMIT 0,500)
#

INSERT INTO `user_group` (`id`, `obj_id`, `name`, `is_default`) VALUES 
  (1,14,'unauth',NULL),
  (2,15,'auth',1),
  (3,16,'root',0),
  (4,824,'moderators',0);
COMMIT;

#
# Structure for the `user_user` table : 
#

DROP TABLE IF EXISTS `user_user`;

CREATE TABLE `user_user` (
  `id` INTEGER(11) NOT NULL AUTO_INCREMENT,
  `obj_id` INTEGER(10) UNSIGNED NOT NULL DEFAULT '0',
  `login` VARCHAR(255) COLLATE utf8_general_ci NOT NULL DEFAULT '',
  `password` VARCHAR(32) COLLATE utf8_general_ci NOT NULL DEFAULT '',
  `created` INTEGER(11) DEFAULT NULL,
  `confirmed` VARCHAR(32) COLLATE utf8_general_ci DEFAULT NULL,
  `last_login` INTEGER(11) DEFAULT NULL,
  `language_id` INTEGER(11) DEFAULT NULL,
  `timezone` INTEGER(11) DEFAULT '3',
  `skin` INTEGER(11) UNSIGNED DEFAULT '1',
  PRIMARY KEY (`id`),
  KEY `login` (`login`)
)ENGINE=MyISAM
AUTO_INCREMENT=7 CHARACTER SET 'utf8' COLLATE 'utf8_general_ci';

#
# Structure for the `user_userAuth` table : 
#

DROP TABLE IF EXISTS `user_userAuth`;

CREATE TABLE `user_userAuth` (
  `id` INTEGER(11) UNSIGNED NOT NULL AUTO_INCREMENT,
  `user_id` INTEGER(11) UNSIGNED DEFAULT NULL,
  `ip` CHAR(15) COLLATE utf8_general_ci DEFAULT NULL,
  `hash` CHAR(32) COLLATE utf8_general_ci DEFAULT NULL,
  `obj_id` INTEGER(11) UNSIGNED DEFAULT NULL,
  `time` INTEGER(11) UNSIGNED DEFAULT NULL,
  PRIMARY KEY (`id`)
)ENGINE=MyISAM
AUTO_INCREMENT=17 ROW_FORMAT=FIXED CHARACTER SET 'utf8' COLLATE 'utf8_general_ci';

#
# Structure for the `user_userGroup_rel` table : 
#

DROP TABLE IF EXISTS `user_userGroup_rel`;

CREATE TABLE `user_userGroup_rel` (
  `id` INTEGER(11) NOT NULL AUTO_INCREMENT,
  `group_id` INTEGER(11) DEFAULT NULL,
  `user_id` INTEGER(11) DEFAULT NULL,
  `obj_id` INTEGER(11) UNSIGNED DEFAULT NULL,
  PRIMARY KEY (`id`),
  UNIQUE KEY `group_id` (`group_id`, `user_id`),
  KEY `user_id` (`user_id`)
)ENGINE=MyISAM
AUTO_INCREMENT=39 ROW_FORMAT=FIXED CHARACTER SET 'utf8' COLLATE 'utf8_general_ci';

#
# Data for the `user_userGroup_rel` table  (LIMIT 0,500)
#

INSERT INTO `user_userGroup_rel` (`id`, `group_id`, `user_id`, `obj_id`) VALUES 
  (1,1,1,19),
  (23,2,2,20),
  (24,3,2,21),
  (31,2,4,780),
  (33,2,5,783),
  (35,4,5,825),
  (36,4,4,826),
  (37,2,6,975),
  (38,4,6,976);
COMMIT;

#
# Structure for the `user_userOnline` table : 
#

DROP TABLE IF EXISTS `user_userOnline`;

CREATE TABLE `user_userOnline` (
  `id` INTEGER(11) UNSIGNED NOT NULL AUTO_INCREMENT,
  `user_id` INTEGER(11) DEFAULT NULL,
  `session` CHAR(32) COLLATE utf8_general_ci DEFAULT NULL,
  `last_activity` INTEGER(11) DEFAULT NULL,
  `url` CHAR(255) COLLATE utf8_general_ci DEFAULT NULL,
  `ip` CHAR(15) COLLATE utf8_general_ci DEFAULT NULL,
  PRIMARY KEY (`id`),
  UNIQUE KEY `user_id` (`user_id`, `session`),
  KEY `last_activity` (`last_activity`)
)ENGINE=MyISAM
AUTO_INCREMENT=377 ROW_FORMAT=FIXED CHARACTER SET 'utf8' COLLATE 'utf8_general_ci';


/*!40101 SET CHARACTER_SET_CLIENT=@OLD_CHARACTER_SET_CLIENT */;
/*!40101 SET CHARACTER_SET_RESULTS=@OLD_CHARACTER_SET_RESULTS */;
/*!40101 SET COLLATION_CONNECTION=@OLD_COLLATION_CONNECTION */;